Workbook

Sheet Stock In-transit
B2: Particulars | C2: April | D2: May | E2: June | F2: July | G2: August | H2: September | I2: October | J2: November
B3: PEL | C3: - | D3: - | E3: - | F3: - | G3: - | H3: - | I3: - | J3: N/A
B4: PEPPL | C4: 1518003640 | D4: 682358913 | E4: 607050435 | F4: 884264665 | G4: 850005981 | H4: 1215981706 | I4: 1302571204 | J4: 1489485947
B5: PEIPL | C5: 224087432 | D5: 467203572 | E5: 855560040 | F5: 862103881 | G5: 821789290 | H5: 564730500 | I5: 407149714 | J5: 379481810
B6: PEGEPL | C6: - | D6: - | E6: - | F6: - | G6: - | H6: - | I6: 350911600 | J6: 813346516

Sheet Insurance coverage analysis (3)
B2: Particulars | C2: April | D2: May | E2: June | F2: July | G2: August | H2: September | I2: October | J2: November
B3: PEL stock declared (A) | C3: =1197*100000 -> 119700000 | D3: 333381387 | E3: 333381387 | F3: 137436901 | G3: 153154666 | H3: 133460189 | I3: 333231225 | J3: N/A
B4: Insurance coverage (B) | C4: 699637964 | D4: 699637964 | E4: 699637964 | F4: 699637964 | G4: 699637964 | H4: 699637964 | I4: 699637964
B5: Over/under insured (B-A) | C5: =C4-C3 -> 579937964 | D5: =D4-D3 -> 366256577 | E5: =E4-E3 -> 366256577 | F5: =F4-F3 -> 562201063 | G5: =G4-G3 -> 546483298 | H5: =H4-H3 -> 566177775 | I5: =I4-I3 -> 366406739
B6: Over/under insured %age | C6: =C5/C3 -> 4.8449287 | D6: =D5/D3 -> 1.0986114 | E6: =E5/E3 -> 1.0986114 | F6: =F5/F3 -> 4.0906122 | G6: =G5/G3 -> 3.5681792 | H6: =H5/H3 -> 4.2422971 | I6: =I5/I3 -> 1.099557
B7: PEPPL stock declared | C7: =7422285920-'Stock In-transit'!C4 -> 5904282280 | D7: =7918616594-'Stock In-transit'!D4 -> 7236257681 | E7: =5899511141-'Stock In-transit'!E4 -> 5292460706 | F7: =6595402775-'Stock In-transit'!F4 -> 5711138110 | G7: =6185660558-'Stock In-transit'!G4 -> 5335654577 | H7: =7467217209-'Stock In-transit'!H4 -> 6251235503 | I7: =7388383397-'Stock In-transit'!I4 -> 6085812193 | J7: =7624833335-'Stock In-transit'!J4 -> 6135347388
B8: Insurance coverage (B) | C8: 6223300000 | D8: 6223300000 | E8: 6223300000 | F8: 6223300000 | G8: 6678952131 | H8: 6678952131 | I8: 6678952131 | J8: 6678952131
B9: Over/under insured (B-A) | C9: =#REF!-C7 -> #REF! | D9: =D8-D7 -> -1012957681 | E9: =E8-E7 -> 930839294 | F9: =F8-F7 -> 512161890 | G9: =G8-G7 -> 1343297554 | H9: =H8-H7 -> 427716628 | I9: =I8-I7 -> 593139938 | J9: =J8-J7 -> 543604743
B10: Over/under insured %age | C10: =C9/C7 -> #REF! | D10: =D9/D7 -> -0.13998364 | E10: =E9/E7 -> 0.17588025 | F10: =F9/F7 -> 0.089677728 | G10: =G9/G7 -> 0.25175872 | H10: =H9/H7 -> 0.068421135 | I10: =I9/I7 -> 0.097462741 | J10: =J9/J7 -> 0.088602113
B11: PEIPL stock declared (A) | C11: =2553661569-'Stock In-transit'!C5 -> 2329574137 | D11: =2459986857-'Stock In-transit'!D5 -> 1992783285 | E11: =2402094309-'Stock In-transit'!E5 -> 1546534269 | F11: =2607889588-'Stock In-transit'!F5 -> 1745785707 | G11: =3306820193-'Stock In-transit'!G5 -> 2485030903 | H11: =2659890206-'Stock In-transit'!H5 -> 2095159706 | I11: =2620277825-'Stock In-transit'!I5 -> 2213128111 | J11: =2851324642-'Stock In-transit'!J5 -> 2471842832
B12: Insurance coverage (B) | C12: ='PEIPL ins calc.'!$F$11+'PEIPL ins calc.'!$F$14 -> 3727612915 | D12: ='PEIPL ins calc.'!$F$11+'PEIPL ins calc.'!$F$14 -> 3727612915 | E12: ='PEIPL ins calc.'!$F$11+'PEIPL ins calc.'!$F$14 -> 3727612915 | F12: ='PEIPL ins calc.'!$F$12+'PEIPL ins calc.'!$F$14 -> 4467612915 | G12: ='PEIPL ins calc.'!$F$12+'PEIPL ins calc.'!$F$14 -> 4467612915 | H12: ='PEIPL ins calc.'!$F$12+'PEIPL ins calc.'!$F$14 -> 4467612915 | I12: ='PEIPL ins calc.'!$F$12+'PEIPL ins calc.'!$F$15 -> 3400301394 | J12: ='PEIPL ins calc.'!$F$12+'PEIPL ins calc.'!$F$15 -> 3400301394
B13: Over/under insured (B-A) | C13: =C12-C11 -> 1398038778 | D13: =D12-D11 -> 1734829630 | E13: =E12-E11 -> 2181078646 | F13: =F12-F11 -> 2721827208 | G13: =G12-G11 -> 1982582012 | H13: =H12-H11 -> 2372453209 | I13: =I12-I11 -> 1187173283 | J13: =J12-J11 -> 928458562
B14: Over/under insured %age | C14: =C13/C11 -> 0.60012633 | D14: =D13/D11 -> 0.87055609 | E14: =E13/E11 -> 1.4103009 | F14: =F13/F11 -> 1.5590844 | G14: =G13/G11 -> 0.7978098 | H14: =H13/H11 -> 1.1323496 | I14: =I13/I11 -> 0.53642321 | J14: =J13/J11 -> 0.37561391
B15: PEGEPL stock declared (A) | I15: =1027295469-'Stock In-transit'!I6 -> 676383869 | J15: =1324192719-'Stock In-transit'!J6 -> 510846203
B16: Insurance coverage (B) | E16: 2500000000 | F16: 2500000000 | G16: 2500000000 | H16: 2500000000 | I16: 2500000000 | J16: 2500000000
B17: Over/under insured (B-A) | E17: =E16-E15 -> 2500000000 | F17: =F16-F15 -> 2500000000 | G17: =G16-G15 -> 2500000000 | H17: =H16-H15 -> 2500000000 | I17: =I16-I15 -> 1823616131 | J17: =J16-J15 -> 1989153797
B18: Over/under insured %age | E18: =E17/E15 -> #DIV/0! | F18: =F17/F15 -> #DIV/0! | G18: =G17/G15 -> #DIV/0! | H18: =H17/H15 -> #DIV/0! | I18: =I17/I15 -> 2.696126 | J18: =J17/J15 -> 3.8938408
E20: Apr'24-Nov'24
B21: Company | C21: Insurance details | E21: Insurance coverage analysis | J21: Premium rate calculation | M21: Excess premium paid
C22: Policy number | D22: Insurance period | E22: Average under insurance | F22: No. of months of under insurance | G22: Average excess insurnace percentage | H22: Average excess insurance per month | I22: No. of months of excess coverage | J22: Total sum insured as per policy | K22: Premium paid | L22: Premium rate
B23: PEL | C23: 55300112310000134 | D23: 31st Jan 2024 - 30th Jan 2025 | E23: - | F23: 0 | G23: =AVERAGE($C$6,$D$6,$E$6,$F$6,$G$6,$H$6,$I$6) -> 2.8632567 | H23: =AVERAGE($C$5,$D$5,$E$5,$F$5,$G$5,$H$5,$I$5) -> 4.7910286e+08 | I23: 7 | J23: 1090083894 | K23: 1544719 | L23: =(K23/J23*1000)*7/12 -> 0.82662086 | M23: =H23*L23/1000 -> 396036.41
B24: PEPPL | C24: OG-25-1113-4090-00000077 | D24: 26th May 2024 - 25th May 2025 | E24: =D9 -> -1012957681 | F24: 1 | G24: =AVERAGE($E$10,$F$10) -> 0.13277899 | H24: =AVERAGE($E$9,$F$9) -> 721500592 | I24: 2 | J24: 10326800000 | K24: 10300000 | L24: =(K24/J24*1000)*1/12 -> 0.083117068 | M24: =H24*L24/1000 -> 59969.013
B25: Enhancement | C25: OG-25-1113-4090-00000077-EE06 | D25: 6th August 2024 - 3rd August 2025 | G25: =AVERAGE($G$10,$H$10,$I$10,$J$10) -> 0.12656118 | H25: =AVERAGE($G$9,$H$9,$I$9,$J$9) -> 7.2693972e+08 | I25: 4 | J25: 1654884936 | K25: 904981 | L25: =(K25/J25*1000)*1/12 -> 0.045571195 | M25: =H25*L25/1000 -> 33127.511
B26: PEIPL | C26: Refer PEIPL ins tab | G26: =AVERAGE($C$14:$J$14) -> 0.91028302 | H26: =AVERAGE($C$13:$J$13) -> 1813305166 | I26: 8 | J26: Average of all policies taken | L26: =(1.092199218)*8/12 -> 0.72813281 | M26: =H26*L26/1000 -> 1320327 | N26: Approx.
B27: PEGEPL | C27: 550300112410000000 | D27: 29th June 2024 - 28th June 2025 | E27: - | F27: 0 | G27: =AVERAGE($I$18:$J$18) -> 3.2949834 | H27: =AVERAGE($E$17:$J$17) -> 2.3021283e+09 | I27: 6 | J27: 3943212387 | K27: 2358364 | L27: =(K27/J27*1000)*6/12 -> 0.29904096 | M27: =H27*L27/1000 -> 688430.65
B28: Total | E28: =SUM(E23:E27) -> -1012957681 | M28: =SUM(M23:M27) -> 2497890.6
C31: FILLL PEIPL DETAILS

Sheet Insurance coverage analysis (2)
B2: Particulars | C2: April | D2: May | E2: June | F2: July | G2: August | H2: September | I2: October | J2: November | K2: Insurance cover on stock
B3: PEL stock declared | C3: =1197*100000 -> 119700000 | D3: 333381387 | E3: 333381387 | F3: 137436901 | G3: 153154666 | H3: 133460189 | I3: 333231225 | J3: N/A | K3: 699637964
B4: Sum insured (less) stock decl. | C4: =$K$3-C3 -> 579937964 | D4: =$K$3-D3 -> 366256577 | E4: =$K$3-E3 -> 366256577 | F4: =$K$3-F3 -> 562201063 | G4: =$K$3-G3 -> 546483298 | H4: =$K$3-H3 -> 566177775 | I4: =$K$3-I3 -> 366406739
B5: Over/under insured | C5: =C4/C3 -> 4.8449287 | D5: =D4/D3 -> 1.0986114 | E5: =E4/E3 -> 1.0986114 | F5: =F4/F3 -> 4.0906122 | G5: =G4/G3 -> 3.5681792 | H5: =H4/H3 -> 4.2422971 | I5: =I4/I3 -> 1.099557 | K5: May-Aug | L5: Enhanced aug onwards
B6: PEPPL stock declared | C6: =7422285920-'Stock In-transit'!C4 -> 5904282280 | D6: =7918616594-'Stock In-transit'!D4 -> 7236257681 | E6: =5899511141-'Stock In-transit'!E4 -> 5292460706 | F6: =6595402775-'Stock In-transit'!F4 -> 5711138110 | G6: =6185660558-'Stock In-transit'!G4 -> 5335654577 | H6: =7467217209-'Stock In-transit'!H4 -> 6251235503 | I6: =7388383397-'Stock In-transit'!I4 -> 6085812193 | J6: =7624833335-'Stock In-transit'!J4 -> 6135347388 | K6: 6223300000 | L6: 6678952131
B7: Sum insured (less) stock decl. | C7: =$K$6-C6 -> 319017720 | D7: =$K$6-D6 -> -1012957681 | E7: =$K$6-E6 -> 930839294 | F7: =$K$6-F6 -> 512161890 | G7: =$L$6-G6 -> 1343297554 | H7: =$L$6-H6 -> 427716628 | I7: =$L$6-I6 -> 593139938 | J7: =$L$6-J6 -> 543604743
B8: Over/under insured | C8: =C7/C6 -> 0.054031583 | D8: =D7/D6 -> -0.13998364 | E8: =E7/E6 -> 0.17588025 | F8: =F7/F6 -> 0.089677728 | G8: =G7/G6 -> 0.25175872 | H8: =H7/H6 -> 0.068421135 | I8: =I7/I6 -> 0.097462741 | J8: =J7/J6 -> 0.088602113
B9: PEIPL stock declared | C9: =2553661569-'Stock In-transit'!C5 -> 2329574137 | D9: =2459986857-'Stock In-transit'!D5 -> 1992783285 | E9: =2402094309-'Stock In-transit'!E5 -> 1546534269 | F9: =2607889588-'Stock In-transit'!F5 -> 1745785707 | G9: =3306820193-'Stock In-transit'!G5 -> 2485030903 | H9: =2659890206-'Stock In-transit'!H5 -> 2095159706 | I9: =2620277825-'Stock In-transit'!I5 -> 2213128111 | J9: =2851324642-'Stock In-transit'!J5 -> 2471842832
B10: Insurance cover on stock | C10: ='PEIPL ins calc.'!$F$11+'PEIPL ins calc.'!$F$14 -> 3727612915 | D10: ='PEIPL ins calc.'!$F$11+'PEIPL ins calc.'!$F$14 -> 3727612915 | E10: ='PEIPL ins calc.'!$F$11+'PEIPL ins calc.'!$F$14 -> 3727612915 | F10: ='PEIPL ins calc.'!$F$12+'PEIPL ins calc.'!$F$14 -> 4467612915 | G10: ='PEIPL ins calc.'!$F$12+'PEIPL ins calc.'!$F$14 -> 4467612915 | H10: ='PEIPL ins calc.'!$F$12+'PEIPL ins calc.'!$F$14 -> 4467612915 | I10: ='PEIPL ins calc.'!$F$12+'PEIPL ins calc.'!$F$15 -> 3400301394 | J10: ='PEIPL ins calc.'!$F$12+'PEIPL ins calc.'!$F$15 -> 3400301394
B11: Sum insured (less) stock decl. | C11: =C10-C9 -> 1398038778 | D11: =D10-D9 -> 1734829630 | E11: =E10-E9 -> 2181078646 | F11: =F10-F9 -> 2721827208 | G11: =G10-G9 -> 1982582012 | H11: =H10-H9 -> 2372453209 | I11: =I10-I9 -> 1187173283 | J11: =J10-J9 -> 928458562
B12: Over/under insured | C12: =C11/C9 -> 0.60012633 | D12: =D11/D9 -> 0.87055609 | E12: =E11/E9 -> 1.4103009 | F12: =F11/F9 -> 1.5590844 | G12: =G11/G9 -> 0.7978098 | H12: =H11/H9 -> 1.1323496 | I12: =I11/I9 -> 0.53642321 | J12: =J11/J9 -> 0.37561391
B13: PEGEPL stock declared | I13: =1027295469-'Stock In-transit'!I6 -> 676383869 | J13: =1324192719-'Stock In-transit'!J6 -> 510846203 | K13: 2500000000
B14: Sum insured (less) stock decl. | E14: =$K$13-E13 -> 2500000000 | F14: =$K$13-F13 -> 2500000000 | G14: =$K$13-G13 -> 2500000000 | H14: =$K$13-H13 -> 2500000000 | I14: =$K$13-I13 -> 1823616131 | J14: =$K$13-J13 -> 1989153797
B15: Over/under insured | E15: =E14/E13 -> #DIV/0! | F15: =F14/F13 -> #DIV/0! | G15: =G14/G13 -> #DIV/0! | H15: =H14/H13 -> #DIV/0! | I15: =I14/I13 -> 2.696126 | J15: =J14/J13 -> 3.8938408
E17: Apr'24-Nov'24
B18: Company | C18: Insurance details | E18: Insurance coverage analysis | J18: Premium rate calculation | M18: Excess premium paid
C19: Policy number | D19: Insurance period | E19: Average under insurance | F19: No. of months of under insurance | G19: Average excess insurnace percentage | H19: Average excess insurance per month | I19: No. of months of excess coverage | J19: Total sum insured as per policy | K19: Premium paid | L19: Premium rate
B20: PEL | C20: 55300112310000134 | D20: 31st Jan 2024 - 30th Jan 2025 | E20: - | F20: 0 | G20: =AVERAGE($C$5,$D$5,$E$5,$F$5,$G$5,$H$5,$I$5) -> 2.8632567 | H20: =AVERAGE($C$4,$D$4,$E$4,$F$4,$G$4,$H$4,$I$4) -> 4.7910286e+08 | I20: 7 | J20: 1090083894 | K20: 1544719 | L20: =(K20/J20*1000)*7/12 -> 0.82662086 | M20: =H20*L20/1000 -> 396036.41
B21: PEPPL | C21: OG-25-1113-4090-00000077 | D21: 26th May 2024 - 25th May 2025 | E21: =D7 -> -1012957681 | F21: 1 | G21: =AVERAGE($E$8,$F$8) -> 0.13277899 | H21: =AVERAGE($E$7,$F$7) -> 721500592 | I21: 2 | J21: 10326800000 | K21: 10300000 | L21: =(K21/J21*1000)*1/12 -> 0.083117068 | M21: =H21*L21/1000 -> 59969.013
B22: Enhancement | C22: OG-25-1113-4090-00000077-EE06 | D22: 6th August 2024 - 3rd August 2025 | G22: =AVERAGE($G$8,$H$8,$I$8,$J$8) -> 0.12656118 | H22: =AVERAGE($G$7,$H$7,$I$7,$J$7) -> 7.2693972e+08 | I22: 4 | J22: 1654884936 | K22: 904981 | L22: =(K22/J22*1000)*1/12 -> 0.045571195 | M22: =H22*L22/1000 -> 33127.511
B23: PEIPL | C23: Refer PEIPL ins tab | G23: =AVERAGE($C$12:$J$12) -> 0.91028302 | H23: =AVERAGE($C$11:$J$11) -> 1813305166 | I23: 8 | J23: Average of all policies taken | L23: =(1.092199218)*8/12 -> 0.72813281 | M23: =H23*L23/1000 -> 1320327 | N23: Approx.
B24: PEGEPL | C24: 550300112410000000 | D24: 29th June 2024 - 28th June 2025 | E24: - | F24: 0 | G24: =AVERAGE($I$15:$J$15) -> 3.2949834 | H24: =AVERAGE($E$14:$J$14) -> 2.3021283e+09 | I24: 6 | J24: 3943212387 | K24: 2358364 | L24: =(K24/J24*1000)*6/12 -> 0.29904096 | M24: =H24*L24/1000 -> 688430.65
B25: Total | E25: =SUM(E20:E24) -> -1012957681 | M25: =SUM(M20:M24) -> 2497890.6
C28: FILLL PEIPL DETAILS

Sheet Sheet1
B2: Particulars | C2: April | D2: May | E2: June | F2: July | G2: August | H2: September | I2: October | J2: November | K2: Insurance cover on stock
B3: PEL | C3: =1197*100000 -> 119700000 | D3: 333381387 | E3: 333381387 | F3: 137436901 | G3: 153154666 | H3: 133460189 | I3: 333231225 | J3: N/A | K3: 699637964
B4: Sum insured (less) stock decl. | C4: =$K$3-C3 -> 579937964 | D4: =$K$3-D3 -> 366256577 | E4: =$K$3-E3 -> 366256577 | F4: =$K$3-F3 -> 562201063 | G4: =$K$3-G3 -> 546483298 | H4: =$K$3-H3 -> 566177775 | I4: =$K$3-I3 -> 366406739
B5: Over/under insured | C5: =C4/C3 -> 4.8449287 | D5: =D4/D3 -> 1.0986114 | E5: =E4/E3 -> 1.0986114 | F5: =F4/F3 -> 4.0906122 | G5: =G4/G3 -> 3.5681792 | H5: =H4/H3 -> 4.2422971 | I5: =I4/I3 -> 1.099557
B6: PEPPL | C6: 7422285920 | D6: 7918616594 | E6: 5899511141 | F6: 6595402775 | G6: 6185660558 | H6: 7467217209 | I6: 7388383397 | J6: 7624833335 | K6: 6678952131
B7: Sum insured (less) stock decl. | C7: =$K$6-C6 -> -743333789 | D7: =$K$6-D6 -> -1239664463 | E7: =$K$6-E6 -> 779440990 | F7: =$K$6-F6 -> 83549356 | G7: =$K$6-G6 -> 493291573 | H7: =$K$6-H6 -> -788265078 | I7: =$K$6-I6 -> -709431266 | J7: =$K$6-J6 -> -945881204
B8: Over/under insured | C8: =C7/C6 -> -0.1001489 | D8: =D7/D6 -> -0.15655064 | E8: =E7/E6 -> 0.13211959 | F8: =F7/F6 -> 0.012667817 | G8: =G7/G6 -> 0.079747598 | H8: =H7/H6 -> -0.10556343 | I8: =I7/I6 -> -0.096019823 | J8: =J7/J6 -> -0.12405271
B9: PEIPL | C9: 2553661569 | D9: 2459986857 | E9: 2402094309 | F9: 2607889588 | G9: 3306820193 | H9: 2659890206 | I9: 2620277825 | J9: 2851324642 | K9: =2962773591 -> 2962773591
B10: Sum insured (less) stock decl. | C10: =$K$9-C9 -> 409112022 | D10: =$K$9-D9 -> 502786734 | E10: =$K$9-E9 -> 560679282 | F10: =$K$9-F9 -> 354884003 | G10: =$K$9-G9 -> -344046602 | H10: =$K$9-H9 -> 302883385 | I10: =$K$9-I9 -> 342495766 | J10: =$K$9-J9 -> 111448949
B11: Over/under insured | C11: =C10/C9 -> 0.16020605 | D11: =D10/D9 -> 0.20438594 | E11: =E10/E9 -> 0.23341268 | F11: =F10/F9 -> 0.13608092 | G11: =G10/G9 -> -0.10404152 | H11: =H10/H9 -> 0.11387063 | I11: =I10/I9 -> 0.13070971 | J11: =J10/J9 -> 0.039086727
B12: Cell line
B13: Module line
B14: PEGEPL | E14: 0 | F14: 0 | G14: 0 | H14: 0 | I14: 0 | J14: 1324192719 | K14: 2500000000
B15: Sum insured (less) stock decl. | E15: =$K$14-E14 -> 2500000000 | F15: =$K$14-F14 -> 2500000000 | G15: =$K$14-G14 -> 2500000000 | H15: =$K$14-H14 -> 2500000000 | I15: =$K$14-I14 -> 2500000000 | J15: =$K$14-J14 -> 1175807281
B16: Over/under insured | J16: =J15/J14 -> 0.88794272
B19: Company | C19: Policy number | D19: Insurance period | E19: Total under insurance | F19: Average excess insurance per month | G19: Total excess insurance | H19: Total sum insured as per policy | I19: Premium paid | J19: Premium rate | K19: Excess premium paid
B20: PEL | C20: 55300112310000134 | D20: 31st Jan 2024 - 30th Jan 2025 | F20: 462297005 | G20: =D4+E4+F4+G4+H4+I4 -> 2773782029 | H20: 1090083894 | I20: 1544719 | J20: =I20/H20*1000 -> 1.4170643 | K20: =G20*J20/1000 -> 3930627.6 | L20: =F20*J20/1000 -> 655104.59
B21: PEPPL | C21: OG-25-1113-4090-00000077 | D21: 26th May 2024 - 25th May 2025 | E21: =C7+D7+H7 -> -2771263330 | G21: =F7+G7 -> 576840929 | H21: 10326800000 | I21: 10300000 | J21: =I21/H21*1000 -> 0.99740481 | K21: =G21*J21/1000 -> 575343.92 | L21: =F21*J21/1000 -> 0
B22: Enhancement | D22: 6th August 2024 - 3rd August 2025 | G22: =F8+G8 -> 0.092415415 | H22: 1654884936 | I22: 904981
B23: PEIPL | F23: 369184306 | G23: =C10+D10+E10+F10+G10+H10+I10 -> 2128794590 | J23: 1.1856147 | K23: =G23*J23/1000 -> 2523930.2 | L23: =F23*J23/1000 -> 437710.35
B24: PEGEPL | F24: 2279301214 | G24: =J15+I15+H15+G15+F15+E15 -> 13675807281 | H24: 3943212387 | I24: 2358364 | J24: =I24/H24*1000 -> 0.59808191 | K24: =G24*J24/1000 -> 8179253 | L24: =F24*J24/1000 -> 1363208.8
B25: Total | E25: =SUM(E20:E24) -> -2771263330 | G25: =SUM(G20:G24) -> 1.9155225e+10 | K25: =SUM(K20:K24) -> 15209155 | L25: =SUM(L20:L24) -> 2456023.8

Sheet PEL

Sheet PEPPL

Sheet PEIPL
A21: Policy | B21: Premium paid | C21: Sum insured | D21: Premium rate
A22: 1 | B22: 3889990 | C22: 3757637410 | D22: =B22/C22*1000 -> 1.0352223
A23: 2 | B23: 3889990 | C23: 3676700000 | D23: =B23/C23*1000 -> 1.0580113
A24: 3 | B24: 3889990 | C24: 2936700000 | D24: =B24/C24*1000 -> 1.3246127
A25: 4 | B25: 3889990 | C25: 2936700000 | D25: =B25/C25*1000 -> 1.3246127
C27: Average | D27: 1.1856147

Sheet PEIPL ins calc.
C1: PEIPL | D1: Policy number | E1: Period | F1: Stock covered | G1: Sum insured | H1: Premium
C2: Module | E2: 30 jan 2024 - 29 jan 2025 | F2: 1000000000 | G2: 2936700000 | H2: 3889990 | I2: =H2/G2*1000 -> 1.3246127
D3: Endorse | E3: 22 mar 2024 - 29 jan 2025 | F3: 2222773591 | G3: =3964127027-G2 -> 1027427027 | H3: 1073881 | I3: =H3/G3*1000 -> 1.0452139
D4: Endorse | E4: 4 july 2024 - 29 jan 2025 | F4: =F3+740000000 -> 2962773591 | G4: 740000000 | H4: 528673 | I4: =H4/G4*1000 -> 0.71442297
E5: 10 oct 2024 - 29 jan 2025 | F5: 2962773591 | G5: 4884632814 | H5: 2755770 | I5: =H5/G5*1000 -> 0.56417137
C6: Cell line | E6: 30 sep 2024 - 29 sep 2025 | F6: 437527803 | G6: 4814151952 | H6: 3182375 | I6: =H6/G6*1000 -> 0.66104581
E7: 30 Sep 2023 - 29 sep 2024 | G7: 5426600000 | H7: 6761282 | I7: =H7/G7*1000 -> 1.2459518
D8: Endorse | E8: 22 mar 2024 - 29 sep 2024 | F8: 1504839324 | G8: =5949323701-G7 -> 522723701 | H8: 1092480 | I8: =H8/G8*1000 -> 2.089976
F10: Cell line | G10: Module line
E11: Apr-June | F11: =F3 -> 2222773591 | G11: =F8 -> 1504839324 | I11: =F11+G11 -> 3727612915
E12: July - Dec | F12: =F4 -> 2962773591 | I12: =F12+G11 -> 4467612915
E14: Apr - Sep | F14: =F8 -> 1504839324
E15: Oct-Dec | F15: =F6 -> 437527803

Sheet PEGEPL
