Workbook

Sheet PEL
A2: Serial No. | B2: Employee Code | C2: Full name | D2: PAN | E2: Gross | F2: TDS
A3: 1 | B3: PSS0142 | C3: Dodda Nageswara Rao | F3: 39361 | G3: {=VLOOKUP(B3:B41,[1]Sheet1!$B$10:$BW$165,74,0)} -> 39361 | H3: =F3-G3 -> 0
A4: 2 | B4: PSS0147 | C4: Mallikarjun J | F4: 26437 | G4: 26437 | H4: =F4-G4 -> 0
A5: 3 | B5: PSS0200 | C5: SUDHA MADHAVI | F5: 7027 | G5: 7027 | H5: =F5-G5 -> 0
A6: 4 | B6: PSS0440 | C6: Vishnu Vardhan Hazari | F6: 134079 | G6: 134079 | H6: =F6-G6 -> 0
A7: 5 | B7: PSS0467 | C7: Alimuddin Ahmed | F7: 41930 | G7: 41930 | H7: =F7-G7 -> 0
A8: 6 | B8: PSS0659 | C8: Revathi Rohini Buragadda | F8: 47111 | G8: 47111 | H8: =F8-G8 -> 0
A9: 7 | B9: PSS0805 | C9: Ramanjulu Y | F9: 19506 | G9: 19506 | H9: =F9-G9 -> 0
A10: 8 | B10: PSS0875 | C10: Vikas Rana | F10: 2328 | G10: 2328 | H10: =F10-G10 -> 0
A11: 9 | B11: PSS0988 | C11: Uday Krishna Dussa | F11: 7893 | G11: 7893 | H11: =F11-G11 -> 0
A12: 10 | B12: PSS1121 | C12: Shashank Kumar Yadav | F12: 6640 | G12: 6640 | H12: =F12-G12 -> 0
A13: 11 | B13: PSS1169 | C13: Saumya Ranjan Jena | F13: 23663 | G13: 23663 | H13: =F13-G13 -> 0
A14: 12 | B14: PSS1222 | C14: Shiv Verma | F14: 14816 | G14: 14816 | H14: =F14-G14 -> 0
A15: 13 | B15: PSS1249 | C15: Venkata Naresh Kumar Dintakurthi | F15: 40236 | G15: 40236 | H15: =F15-G15 -> 0
... A41: 39 | B41: 10001 | C41: Surender Pal Singh | F41: 253253 | G41: 253253 | H41: =F41-G41 -> 0
B42: TOTAL | F42: =SUM(F3:F41) -> 1947305

Sheet PSPT
A2: Serial No. | B2: Employee Code | C2: Full name | D2: TDS
A3: 1 | B3: P0142 | C3: Shekhar Kumar | D3: 5530 | E3: {=VLOOKUP(B3:B7,[2]Sheet1!$B$17:$BK$89,62,0)} -> 5530 | F3: =D3-E3 -> 0
A4: 2 | B4: P0170 | C4: Rajashekar Reddy P | D4: 5489 | E4: 5489 | F4: =D4-E4 -> 0
A5: 3 | B5: P0381 | C5: Papa Venkat Reddy | D5: 4736 | E5: 4736 | F5: =D5-E5 -> 0
A6: 4 | B6: P0400 | C6: Sudhir Moola | D6: 144779 | E6: 144779 | F6: =D6-E6 -> 0
A7: 5 | B7: P0403 | C7: Aparna Tikkireddy | D7: 12200 | E7: 12200 | F7: =D7-E7 -> 0
B8: TOTAL | D8: 172734

Sheet Sheet1
G6: 45474
G7: Business Unit | H7: TDS
G8: PEL | H8: =PEL!F42 -> 1947305
G9: PEPPL | H9: =PEPPL!D54 -> 964880
G10: PEIPL | H10: =PEIPL!D41 -> 255005
G11: PEGEPL | H11: =PEGEPL!D6 -> 14224
G12: PSPT | H12: =PSPT!D8 -> 172734
G13: Toatl | H13: =SUM(H8:H12) -> 3354148

Sheet PEPPL
A2: Serial No. | B2: Employee Code | C2: Full name | D2: TDS
A3: 1 | B3: PEPPL0002 | C3: Ajumal S S | D3: 12128 | E3: {=VLOOKUP(B3:B53,[3]Sheet1!$B$3:$BX$445,75,0)} -> 12128 | F3: =D3-E3 -> 0
A4: 2 | B4: PEPPL0004 | C4: Shivjee Sharma | D4: 17426 | E4: 17426 | F4: =D4-E4 -> 0
A5: 3 | B5: PEPPL0012 | C5: Prakash Chandra | D5: 4614 | E5: 4614 | F5: =D5-E5 -> 0
A6: 4 | B6: PEPPL0013 | C6: Praful Kumar Bharadwaj | D6: 1638 | E6: 1638 | F6: =D6-E6 -> 0
A7: 5 | B7: PEPPL0026 | C7: Sanjeev Kumar | D7: 2636 | E7: 2636 | F7: =D7-E7 -> 0
A8: 6 | B8: PEPPL0035 | C8: Ranjith Kotha | D8: 14240 | E8: 14240 | F8: =D8-E8 -> 0
A9: 7 | B9: PEPPL0036 | C9: Soumen Roy | D9: 5969 | E9: 5969 | F9: =D9-E9 -> 0
A10: 8 | B10: PEPPL0043 | C10: Atul Kumar Rawat | D10: 5401 | E10: 5401 | F10: =D10-E10 -> 0
A11: 9 | B11: PEPPL0049 | C11: Sanjib Barik | D11: 3359 | E11: 3359 | F11: =D11-E11 -> 0
A12: 10 | B12: PEPPL0051 | C12: Khajan Chandra Kandpal | D12: 22032 | E12: 22032 | F12: =D12-E12 -> 0
A13: 11 | B13: PEPPL0090 | C13: Ikbal Singh | D13: 7394 | E13: 7394 | F13: =D13-E13 -> 0
A14: 12 | B14: PEPPL0095 | C14: Maddula Leela Krishna | D14: 5199 | E14: 5199 | F14: =D14-E14 -> 0
A15: 13 | B15: PEPPL0111 | C15: Manoj Kumar | D15: 5354 | E15: 5354 | F15: =D15-E15 -> 0
... A53: 51 | B53: PEPPL0855 | C53: Srinath.R | D53: 3541 | E53: 3541 | F53: =D53-E53 -> 0
B54: TOTAL | D54: =SUM(D3:D53) -> 964880

Sheet PEIPL
A2: Serial No. | B2: Employee Code | C2: Full name | D2: TDS
A3: 1 | B3: PEIPL0014 | C3: Shivam Kaithvar | D3: 3851 | E3: {=VLOOKUP(B3:B40,[4]Sheet1!$B$8:$BW$536,74,0)} -> 3851 | F3: =D3-E3 -> 0
A4: 2 | B4: PEIPL0022 | C4: Saikat Hore | D4: 5347 | E4: 5347 | F4: =D4-E4 -> 0
A5: 3 | B5: PEIPL0026 | C5: Yash Kumar | D5: 4997 | E5: 4997 | F5: =D5-E5 -> 0
A6: 4 | B6: PEIPL0030 | C6: Meenakshi Bhaisare | D6: 6483 | E6: 6483 | F6: =D6-E6 -> 0
A7: 5 | B7: PEIPL0035 | C7: Indersen Kumar Singh | D7: 29201 | E7: 29201 | F7: =D7-E7 -> 0
A8: 6 | B8: PEIPL0038 | C8: Mukesh Kumar | D8: 1502 | E8: 1502 | F8: =D8-E8 -> 0
A9: 7 | B9: PEIPL0057 | C9: Manmohan Singh | D9: 9029 | E9: 9029 | F9: =D9-E9 -> 0
A10: 8 | B10: PEIPL0079 | C10: Nikhil Dogra | D10: 8162 | E10: 8162 | F10: =D10-E10 -> 0
A11: 9 | B11: PEIPL0080 | C11: Ravinder Sharma | D11: 4510 | E11: 4510 | F11: =D11-E11 -> 0
A12: 10 | B12: PEIPL0084 | C12: Uddagiri Sunil | D12: 3563 | E12: 3563 | F12: =D12-E12 -> 0
A13: 11 | B13: PEIPL0094 | C13: Kushagra Srivastava | D13: 5108 | E13: 5108 | F13: =D13-E13 -> 0
A14: 12 | B14: PEIPL0173 | C14: Kapil Dev Sharma | D14: 8105 | E14: 8105 | F14: =D14-E14 -> 0
A15: 13 | B15: PEIPL0174 | C15: Chandra Bhushan Pathak | D15: 2329 | E15: 2329 | F15: =D15-E15 -> 0
... A40: 38 | B40: PEIPL0707 | C40: Sandip Rameshrao Gorle | D40: 33314 | E40: 33314 | F40: =D40-E40 -> 0
B41: TOTAL | D41: =SUM(D3:D40) -> 255005

Sheet PEGEPL
A2: Serial No. | B2: Employee Code | C2: Full name | D2: TDS
A3: 1 | B3: PEGEPL0020 | C3: Elaka Ramesh | D3: 1274 | E3: {=VLOOKUP(B3:B5,[5]Sheet1!$B$19:$CI$101,86,0)} -> 1274 | F3: =D3-E3 -> 0
A4: 2 | B4: PEGEPL0092 | C4: Doddigarla Ravikumar | D4: 10787 | E4: 10787 | F4: =D4-E4 -> 0
A5: 3 | B5: PEGEPL0100 | C5: Goru Sekhar | D5: 2163 | E5: 2163 | F5: =D5-E5 -> 0
B6: TOTAL | D6: =SUM(D3:D5) -> 14224
