Workbook

Sheet Summary
A2: AS per IT Team
A3: Count of Mapped | B3: Column Labels
A4: Row Labels | B4: No | C4: Yes | D4: Grand Total
A5: Desktop | B5: 33 | C5: 236 | D5: 269
A6: Laptop | B6: 43 | C6: 567 | D6: 610
A7: Server | B7: 8 | C7: 1 | D7: 9
A8: Grand Total | B8: 84 | C8: 804 | D8: 888
B15: 1000
B16: 2000
B17: 3000
B18: 4000
B19: 5000
B20: 6000
B21: 7000
B22: 8000

Sheet Sheet2
A1: Mapped | B1: (All)
A3: Row Labels | B3: Count of Sap Code | C3: Count of Serial numbers | D3: Completion
A4: Desktop | B4: 189 | C4: 189 | D4: =B4/C4 -> 1
A5: Desktop | B5: 2 | C5: 2 | D5: =B5/C5 -> 1
A6: DESKTOP SCADAR | B6: 2 | C6: 2 | D6: =B6/C6 -> 1
A7: Laptop | B7: 609 | C7: 609 | D7: =B7/C7 -> 1
A8: Machine Laptop | B8: 1 | C8: 1 | D8: =B8/C8 -> 1
A9: SCARDA Desktop | B9: 2 | C9: 2 | D9: =B9/C9 -> 1
A10: Server | B10: 9 | C10: 9 | D10: =B10/C10 -> 1
A11: Shared Desktop | B11: 74 | C11: 74 | D11: =B11/C11 -> 1
A12: Grand Total | B12: 888 | C12: 888 | D12: =B12/C12 -> 1

Sheet Sheet3
A3: Row Labels | B3: Count of Serial numbers | C3: Count of Sap Code
A4: Desktop | B4: 189 | C4: 189
A5: 1000 | B5: 6 | C5: 6
A6: 2000 | B6: 92 | C6: 92
A7: 4000 | B7: 66 | C7: 66
A8: 5000 | B8: 25 | C8: 25
A9: Desktop | B9: 2 | C9: 2
A10: 2000 | B10: 1 | C10: 1
A11: 5000 | B11: 1 | C11: 1
A12: DESKTOP SCADAR | B12: 2 | C12: 2
A13: 2000 | B13: 2 | C13: 2
A14: Laptop | B14: 609 | C14: 609
A15: 1000 | B15: 87 | C15: 87
A16: 2000 | B16: 173 | C16: 173
A17: 4000 | B17: 314 | C17: 314
A18: 5000 | B18: 35 | C18: 35
A19: Machine Laptop | B19: 1 | C19: 1
A20: 2000 | B20: 1 | C20: 1
A21: SCARDA Desktop | B21: 2 | C21: 2
A22: 2000 | B22: 2 | C22: 2
A23: Server | B23: 9 | C23: 9
A24: 1000 | B24: 1 | C24: 1
A25: 2000 | B25: 1 | C25: 1
A26: 4000 | B26: 5 | C26: 5
A27: 5000 | B27: 2 | C27: 2
A28: Shared Desktop | B28: 74 | C28: 74
A29: 2000 | B29: 69 | C29: 69
A30: 4000 | B30: 3 | C30: 3
A31: 5000 | B31: 2 | C31: 2
A32: Grand Total | B32: 888 | C32: 888

Sheet Premier-Antivirus-Sheet
A3: S.no | B3: Hostname | C3: Serial numbers | D3: Rough IP | E3: Sap Code | F3: Laptop/Desktop | G3: Laptop or Desktop | H3: Employee Name | I3: Employee ID | J3: Department | K3: Location | L3: Sentinelone Uninstallation | M3: Trendmicro Installation | N3: Domain (Yes or No) | O3: Unauthorized App (Yes or No) | P3: Windows License (Yes or No) | Q3: Remarks | R3: As per Capex Team | S3: Company Name | T3: Company Code | U3: Mapped | V3: Unicode | W3: Make
A4: 1 | B4: DESKTOP-4L4V6II | C4: 2FCYXY3 | D4: Corrected | E4: 32000139 | F4: Desktop | G4: Desktop | H4: Line System | J4: RFID Technical | K4: P4 | L4: Yes | M4: Yes | N4: No | O4: No | P4: Yes | R4: 4500013144 | S4: PEIPL | T4: 5000 | U4: Yes | V4: 500032000139 | W4: #N/A | X4: #N/A
A5: =A4+1 -> 2 | B5: DT-HEEVDO4 | C5: HEEVDO4 | D5: TECHNICAL-1 | E5: 32000013 | F5: Desktop | G5: Desktop | H5: TECHNICAL-1 | I5: General | J5: General | K5: P4 | L5: yes | M5: Yes | N5: yes | O5: yes | P5: yes | Q5: Ultraviewer | R5: =_xlfn.XLOOKUP(C5,'[1]Detailed file'!$M:$M,'[1]Detailed file'!$M:$M) -> #N/A | S5: PEIPL | T5: 5000 | U5: Yes | V5: 500032000013 | W5: #N/A | X5: #N/A
A6: =A5+1 -> 3 | B6: DT-43KWMZ3 | C6: 43KWMZ3 | D6: Corrected | E6: 32000017 | F6: Desktop | G6: Desktop | H6: NIKHIL | I6: PEIPL0718 | J6: Quality | K6: P4 | L6: Yes | M6: Yes | N6: Yes | O6: Yes | P6: Yes | Q6: Uninstalled Ultrviewer | R6: =_xlfn.XLOOKUP(C6,'[1]Detailed file'!$M:$M,'[1]Detailed file'!$M:$M) -> #N/A | S6: PEIPL | T6: 5000 | U6: Yes | V6: 500032000017 | W6: #N/A | X6: #N/A
A7: =A6+1 -> 4 | B7: PEGEPL-DT-43KWMZ3 | C7: 43KWMZ3 | D7: Corrected | E7: 32000018 | F7: Desktop | G7: Desktop | H7: UMADEVI | I7: PEGEPL0315 | J7: PDI | K7: P4 | L7: Yes | M7: Yes | N7: Yes | O7: Yes | P7: Yes | Q7: Uninstalled Ultrviewer | R7: =_xlfn.XLOOKUP(C7,'[1]Detailed file'!$M:$M,'[1]Detailed file'!$M:$M) -> #N/A | S7: PEIPL | T7: 5000 | U7: Yes | V7: 500032000018 | W7: #N/A | X7: #N/A
A8: =A7+1 -> 5 | B8: DESKTOP-794FE8T | C8: Assembled PC | D8: Pel | E8: 32000022 | F8: Shared Desktop | G8: Desktop | H8: General | I8: General | J8: General | K8: Corp | L8: Yes | M8: Yes | N8: Yes | O8: No | P8: Yes | R8: =_xlfn.XLOOKUP(C8,'[1]Detailed file'!$M:$M,'[1]Detailed file'!$M:$M) -> #N/A | S8: PEGEPL | T8: 4000 | U8: No | V8: 400032000022 | W8: #N/A | X8: #N/A
A9: =A8+1 -> 6 | B9: DESKTOP-C53GIU0 | C9: Assembled PC | D9: Corrected | E9: 32000017 | F9: Desktop | G9: Desktop | H9: Rework Area Line-1 System | I9: Machine System | J9: Rework | K9: P4 | L9: Yes | M9: Yes | N9: Yes | O9: No | P9: Yes | Q9: Uninstalled Anydesk | R9: =_xlfn.XLOOKUP(C9,'[1]Detailed file'!$M:$M,'[1]Detailed file'!$M:$M) -> #N/A | S9: PEIPL | T9: 5000 | U9: No | V9: 500032000017 | W9: #N/A | X9: #N/A
A10: =A9+1 -> 7 | B10: P2-DT-FGOFFICE1 | C10: Assembled pc | D10: Verified | E10: 32000180 | F10: Desktop | G10: Desktop | H10: General | I10: General | J10: FG Stores | K10: P2 | L10: YES | M10: YES | N10: YES | O10: No | P10: YES | R10: =_xlfn.XLOOKUP(C10,'[1]Detailed file'!$M:$M,'[1]Detailed file'!$M:$M) -> #N/A | S10: PEPPL | T10: 2000 | U10: No | V10: 200032000180 | W10: #N/A | X10: #N/A
A11: =A10+1 -> 8 | B11: P2-DT-HXF52M | C11: Assembled PC | D11: Verified | E11: 32000181 | F11: Desktop | G11: Desktop | H11: Nelli Tejasree | I11: General | J11: Finance & Accounts | K11: P2 | L11: YES | M11: YES | N11: YES | O11: No | P11: YES | R11: =_xlfn.XLOOKUP(C11,'[1]Detailed file'!$M:$M,'[1]Detailed file'!$M:$M) -> #N/A | S11: PEPPL | T11: 2000 | U11: No | V11: 200032000181 | W11: #N/A | X11: #N/A
A12: =A11+1 -> 9 | B12: P2-DT-O6T56BO | C12: Assembled PC | D12: Verified | E12: 32000182 | F12: Shared Desktop | G12: Desktop | H12: General | I12: General | J12: FG Stores | K12: P2 | L12: Yes | M12: Yes | N12: YES | O12: YES | P12: Yes | Q12: Ultraviewer | R12: =_xlfn.XLOOKUP(C12,'[1]Detailed file'!$M:$M,'[1]Detailed file'!$M:$M) -> #N/A | S12: PEPPL | T12: 2000 | U12: No | V12: 200032000182 | W12: #N/A | X12: #N/A
A13: =A12+1 -> 10 | B13: P2-DT-QUALITY1 | C13: Assembled PC | D13: Verified | E13: 32000183 | F13: Desktop | G13: Desktop | H13: General | I13: General | J13: Module line-Quality lab | K13: P2 | L13: YES | M13: YES | N13: YES | O13: No | P13: YES | R13: =_xlfn.XLOOKUP(C13,'[1]Detailed file'!$M:$M,'[1]Detailed file'!$M:$M) -> #N/A | S13: PEPPL | T13: 2000 | U13: No | V13: 200032000183 | W13: #N/A | X13: #N/A
A14: =A13+1 -> 11 | B14: P2-SAFETY-01 | C14: Assembled PC | D14: DONE | E14: 32000184 | F14: Shared Desktop | G14: Desktop | H14: Safety -HR | I14: Safety -HR | J14: Safety | K14: P2 | L14: YES | M14: YES | N14: YES | O14: No | P14: YES | R14: =_xlfn.XLOOKUP(C14,'[1]Detailed file'!$M:$M,'[1]Detailed file'!$M:$M) -> #N/A | S14: PEPPL | T14: 2000 | U14: No | V14: 200032000184 | W14: #N/A | X14: #N/A
A15: =A14+1 -> 12 | B15: P4-DT-PEGEPL0164 | C15: Assembled PC | E15: 32000018 | F15: Desktop | G15: Desktop | H15: Common System | I15: Common System | J15: FG Stores | K15: P4 | L15: Yes | M15: Yes | N15: Yes | O15: No | P15: Yes | R15: =_xlfn.XLOOKUP(C15,'[1]Detailed file'!$M:$M,'[1]Detailed file'!$M:$M) -> #N/A | S15: PEIPL | T15: 5000 | U15: No | V15: 500032000018 | W15: #N/A | X15: #N/A
A16: =A15+1 -> 13 | B16: DESKTOP-D865K23 | C16: F22SMZ3 | D16: Corrected | E16: 32000135 | F16: Desktop | G16: Desktop | H16: D.SHASHIDHAR REDDY | I16: PEGEPL0294 | J16: Gate | K16: P4 | L16: Yes | M16: Yes | N16: Yes | O16: Yes | P16: Yes | Q16: Uninstalled Ultrviewer | R16: =_xlfn.XLOOKUP(C16,'[1]Detailed file'!$M:$M,'[1]Detailed file'!$M:$M) -> #N/A | S16: PEIPL | T16: 5000 | U16: Yes | V16: 500032000135 | W16: #N/A | X16: #N/A
A17: =A16+1 -> 14 | B17: PESSPL26 | C17: PG04EZZA | D17: Done | E17: 32000214 | F17: Laptop | G17: Laptop | H17: Smarth Salaria | I17: PESSPL0014 | J17: Engineering | K17: Pune | L17: Yes | M17: Yes | N17: No | O17: Yes | P17: Yes | R17: 4510000604 | S17: PEL | T17: 1000 | U17: Yes | V17: 100032000214 | W17: Lenovo | X17: 4510000193
A18: =A17+1 -> 15 | B18: DT-10BNM24 | C18: 10BNM24 | D18: Corrected | E18: 32000022 | F18: Desktop | G18: Desktop | H18: NAVEEN | I18: PEIPL0567 | J18: Quality | K18: P4 | L18: Yes | M18: Yes | N18: Yes | O18: Yes | P18: Yes | Q18: Uninstalled Ultrviewer | R18: 4500022659 | S18: PEIPL | T18: 5000 | U18: Yes | V18: 500032000022 | W18: Dell | X18: 4500022659
A19: =A18+1 -> 16 | B19: P4-LT-PEIPL0585 | C19: 10H7X93 | D19: Corrected | E19: 32000053 | F19: Laptop | G19: Laptop | H19: Ramesh | I19: PEIPL20938 | J19: STORES | K19: P4 | L19: Yes | M19: Yes | N19: No | O19: No | P19: Yes | R19: =_xlfn.XLOOKUP(C19,'[1]Detailed file'!$M:$M,'[1]Detailed file'!$M:$M) -> #N/A | S19: PEIPL | T19: 5000 | U19: Yes | V19: 500032000053 | W19: =_xlfn.XLOOKUP(A19,[1]Cut2!$A:$A,[1]Cut2!$S:$S) -> #N/A | X19: #N/A
A20: =A19+1 -> 17 | B20: P6-DT-JOGQUPS | C20: 1761N24 | D20: Verification Done-P6 | E20: 32000125 | F20: Desktop | G20: Desktop | H20: SHIVA BABU | I20: PEGEPL0117 | J20: PRODUCTION | K20: P6 | L20: Yes | M20: Yes | N20: NO | O20: Yes | P20: Yes | Q20: Uninstalled Ultrviewer | R20: 4510000023 | S20: PEGEPL | T20: 4000 | U20: Yes | V20: 400032000125 | W20: #N/A | X20: #N/A
A21: =A20+1 -> 18 | B21: LT-184TG63 | C21: 184TG63 | D21: Corrected | E21: 32000055 | F21: Laptop | G21: Laptop | H21: K.SHRAVANI | I21: PEIPL601 | J21: Admin | K21: P4 | L21: Yes | M21: Yes | N21: Yes | O21: Yes | P21: Yes | Q21: Uninstalled Ultrviewer | R21: =_xlfn.XLOOKUP(C21,'[1]Detailed file'!$M:$M,'[1]Detailed file'!$M:$M) -> #N/A | S21: PEIPL | T21: 5000 | U21: Yes | V21: 500032000055 | W21: =_xlfn.XLOOKUP(A21,[1]Cut2!$A:$A,[1]Cut2!$S:$S) -> #N/A | X21: #N/A
A22: =A21+1 -> 19 | B22: P2-DT-1CZRPT3 | C22: 1CZRPT3 | D22: Verified(general) | E22: 32000136 | F22: Desktop | G22: Desktop | H22: Kethavath Manoj | I22: PEPPL0419 | J22: MODULE QTY | K22: P2 | L22: Yes | M22: Yes | N22: yes | O22: Yes | P22: Yes | Q22: Ultraviewer | R22: =_xlfn.XLOOKUP(C22,'[1]Detailed file'!$M:$M,'[1]Detailed file'!$M:$M) -> #N/A | S22: PEPPL | T22: 2000 | U22: Yes | V22: 200032000136 | W22: #N/A | X22: #N/A
A23: =A22+1 -> 20 | B23: P6-DT-GTE99R2 | C23: 1D42N24 | D23: Verification Done-P6 | E23: 32000113 | F23: Desktop | G23: Desktop | H23: Boge Thirumala | I23: PEGEPL0170 | J23: STORE | K23: P6 | L23: Yes | M23: Yes | N23: NO | O23: Yes | P23: Yes | Q23: Uninstalled Ultrviewer | R23: 4510000023 | S23: PEGEPL | T23: 4000 | U23: Yes | V23: 400032000113 | W23: #N/A | X23: #N/A
A24: =A23+1 -> 21 | B24: P6-DT-815ATSA | C24: 1G42N24 | D24: Verification Done-P6 | E24: 32000134 | F24: Desktop | G24: Desktop | H24: RAMAKANTH | I24: General | J24: FQC | K24: P6 | L24: Yes | M24: Yes | N24: NO | O24: Yes | P24: Yes | Q24: Uninstalled Ultrviewer | R24: 4510000023 | S24: PEGEPL | T24: 4000 | U24: Yes | V24: 400032000134 | W24: #N/A | X24: #N/A
A25: =A24+1 -> 22 | B25: PEL-1GPHNV2 | C25: 1GPHNV2 | D25: Done | E25: 32000230 | F25: Laptop | G25: Laptop | H25: Chikkala Pravallika | I25: PEGEPL0158 | J25: Finance & Accounts | K25: Corp | L25: Yes | M25: Yes | N25: Yes | O25: Yes | P25: Yes | Q25: Uninstalled Ultraviewer | R25: =_xlfn.XLOOKUP(C25,'[1]Detailed file'!$M:$M,'[1]Detailed file'!$M:$M) -> #N/A | S25: PEGEPL | T25: 4000 | U25: Yes | V25: 400032000230 | W25: =_xlfn.XLOOKUP(A25,[1]Cut2!$A:$A,[1]Cut2!$S:$S) -> #N/A | X25: #N/A
A26: =A25+1 -> 23 | B26: P6-DT-RAB2N60 | C26: 1HQ2N24 | D26: Verification Done-P6 | E26: 32000111 | F26: Desktop | G26: Desktop | H26: SURESH | I26: 10004788 | J26: HR | K26: P6 | L26: Yes | M26: Yes | N26: NO | O26: Yes | P26: Yes | Q26: Uninstalled Ultrviewer | R26: 4510000023 | S26: PEGEPL | T26: 4000 | U26: Yes | V26: 400032000111 | W26: #N/A | X26: #N/A
A27: =A26+1 -> 24 | B27: DT-1HZVMZ3 | C27: 1HZVMZ3 | D27: Corrected | E27: 32000023 | F27: Desktop | G27: Desktop | H27: KALYAN | I27: PEGEP0067 | J27: Packaging | K27: P4 | L27: Yes | M27: Yes | N27: Yes | O27: Yes | P27: Yes | Q27: Uninstalled Ultrviewer | R27: =_xlfn.XLOOKUP(C27,'[1]Detailed file'!$M:$M,'[1]Detailed file'!$M:$M) -> #N/A | S27: PEIPL | T27: 5000 | U27: Yes | V27: 500032000023 | W27: Dell | X27: 4500016124
A28: =A27+1 -> 25 | B28: P2-DT-1JYPKW3 | C28: 1JYPKW3 | D28: Verified(General) | E28: 32000142 | F28: Shared Desktop | G28: Desktop | H28: General | I28: General | J28: Production cell 1 | K28: P2 | L28: Yes | M28: Yes | N28: YES | O28: Yes | P28: Yes | Q28: Ultraviewer | R28: 4500009822 | S28: PEPPL | T28: 2000 | U28: Yes | V28: 200032000142 | W28: Dell | X28: 4500009822
A29: =A28+1 -> 26 | B29: P6-DT-DHTHSO4 | C29: 1LG3N24 | D29: Verification Done-P6 | E29: 32000131 | F29: Desktop | G29: Desktop | H29: VISHESH YASHEEL | I29: PEIPL0508 | J29: TECHNICAL | K29: P6 | L29: Yes | M29: Yes | N29: NO | O29: Yes | P29: Yes | Q29: Uninstalled Ultrviewer | R29: 4510000023 | S29: PEGEPL | T29: 4000 | U29: Yes | V29: 400032000131 | W29: #N/A | X29: #N/A
A30: =A29+1 -> 27 | B30: P2-LT-1N142602D5 | C30: 1N142602D5 | D30: Verified | E30: 32000331 | F30: Laptop | G30: Laptop | H30: Durga kumar avvaru | I30: PEPPL0125 | J30: Safety | K30: P2 | L30: Yes | M30: Yes | N30: Yes | O30: No | P30: Yes | R30: 4510000005 | S30: PEPPL | T30: 2000 | U30: Yes | V30: 200032000331 | W30: HP | X30: 4510000005
A31: =A30+1 -> 28 | B31: PEG-1N142602DC | C31: 1N142602DC | D31: Done | E31: 32000269 | F31: Laptop | G31: Laptop | H31: Prtyusha | I31: PSS1286 | J31: Finance | K31: Corp | L31: Yes | M31: Yes | N31: Yes | O31: Yes | P31: Yes | Q31: Uninstalled Ultraviewer | R31: =_xlfn.XLOOKUP(C31,'[1]Detailed file'!$M:$M,'[1]Detailed file'!$M:$M) -> 1N142602DC | S31: PEGEPL | T31: 4000 | U31: Yes | V31: 400032000269 | W31: HP | X31: 4510001061
A32: =A31+1 -> 29 | B32: P6-LT-1N142602JB | C32: 1N142602JB | D32: Verification Done-P6 | E32: 32000095 | F32: Laptop | G32: Laptop | H32: J.NAVEEN BABU | I32: 50984 | J32: QUALITY(IQC) | K32: P6 | L32: YES | M32: Yes | N32: NO | O32: YES | P32: Yes | Q32: Uninstalled Ultrviewer | R32: 4510000024 | S32: PEGEPL | T32: 4000 | U32: Yes | V32: 400032000095 | W32: HP | X32: 4510000024
A33: =A32+1 -> 30 | B33: P6-LT-1N142602JG | C33: 1N142602JG | D33: Verification Done-P6 | E33: 32000093 | F33: Laptop | G33: Laptop | H33: RAMESH BABU | I33: PEIPL0676 | J33: SAFETY | K33: P6 | L33: YES | M33: Yes | N33: NO | O33: YES | P33: Yes | Q33: Uninstalled Ultrviewer | R33: 4510000024 | S33: PEGEPL | T33: 4000 | U33: Yes | V33: 400032000093 | W33: HP | X33: 4510000024
A34: =A33+1 -> 31 | B34: P6-LT-1N142602JP | C34: 1N142602JP | D34: Verification Done-P6 | E34: 32000094 | F34: Laptop | G34: Laptop | H34: ANAND GUPTA | I34: PEGEPL0375 | J34: TECHINICAL | K34: P6 | L34: YES | M34: YES | N34: NO | O34: YES | P34: YES | Q34: Uninstalled Ultrviewer | R34: 4510000024 | S34: PEGEPL | T34: 4000 | U34: Yes | V34: 400032000094 | W34: HP | X34: 4510000024
A35: =A34+1 -> 32 | B35: PEIPL1N142602K1 | C35: 1N142602K1 | D35: Done | E35: 32000270 | F35: Laptop | G35: Laptop | H35: BHASKAR REDDY | I35: PEGEPL0488 | J35: Procurement | K35: Corp | L35: Yes | M35: Yes | N35: Yes | O35: No | P35: Yes | R35: =_xlfn.XLOOKUP(C35,'[1]Detailed file'!$M:$M,'[1]Detailed file'!$M:$M) -> 1N142602K1 | S35: PEGEPL | T35: 4000 | U35: Yes | V35: 400032000270 | W35: HP | X35: 4510000052
A36: =A35+1 -> 33 | B36: PEG1N142602MK | C36: 1N142602MK | D36: Done | E36: 32000061 | F36: Laptop | G36: Laptop | H36: Koppula Akshith | I36: PEGEPL0328 | J36: Projects | K36: Corp | L36: Yes | M36: Yes | N36: Yes | O36: No | P36: Yes | R36: =_xlfn.XLOOKUP(C36,'[1]Detailed file'!$M:$M,'[1]Detailed file'!$M:$M) -> 1N142602MK | S36: PEGEPL | T36: 4000 | U36: Yes | V36: 400032000061 | W36: HP | X36: 4510000053
A37: =A36+1 -> 34 | B37: P6-LT-1N142602MR | C37: 1N142602MR | D37: Verification Done-P6 | E37: 32000105 | F37: Laptop | G37: Laptop | H37: G.ASHOK | I37: PEG9LI099 | J37: STORE | K37: P6 | L37: YES | M37: Yes | N37: NO | O37: Yes | P37: Yes | R37: 4510000024 | S37: PEGEPL | T37: 4000 | U37: Yes | V37: 400032000105 | W37: HP | X37: 4510000024
A38: =A37+1 -> 35 | B38: P6-LT-1N142602NX | C38: 1N142602NX | D38: Verification Done-P6 | E38: 32000107 | F38: Laptop | G38: Laptop | H38: SHIBANEE PATNAIK | I38: PEGEPL0374 | J38: TECHINICAL | K38: P6 | L38: YES | M38: YES | N38: NO | O38: YES | P38: Yes | Q38: Uninstalled Ultrviewer | R38: 4510000024 | S38: PEGEPL | T38: 4000 | U38: Yes | V38: 400032000107 | W38: HP | X38: 4510000024
A39: =A38+1 -> 36 | B39: PEG1N142602P3 | C39: 1N142602P3 | D39: DONE | E39: 32000006 | F39: Laptop | G39: Laptop | H39: Vasi Sree Mahalakshmi | I39: PSS1432 | J39: Finance & Accounts | K39: Corp | L39: Yes | M39: Yes | N39: Yes | O39: No | P39: Yes | Q39: Uninstalled Ultrviewer | R39: =_xlfn.XLOOKUP(C39,'[1]Detailed file'!$M:$M,'[1]Detailed file'!$M:$M) -> 1N142602P3 | S39: PEGEPL | T39: 4000 | U39: Yes | V39: 400032000006 | W39: HP | X39: 4510000053
A40: =A39+1 -> 37 | B40: PEIPL1N142602PB | C40: 1N142602PB | D40: Done | E40: 32000063 | F40: Laptop | G40: Laptop | H40: Mukul Prabhat Banka | I40: PEGEPL0300 | J40: Projects | K40: Corp | L40: Yes | M40: Yes | N40: Yes | O40: Yes | P40: Yes | Q40: Uninstalled Ultraviewer | R40: =_xlfn.XLOOKUP(C40,'[1]Detailed file'!$M:$M,'[1]Detailed file'!$M:$M) -> 1N142602PB | S40: PEGEPL | T40: 4000 | U40: Yes | V40: 400032000063 | W40: HP | X40: 4510000052
A41: =A40+1 -> 38 | B41: P6-LT-1N142602PZ | C41: 1N142602PZ | D41: Corrected | E41: 32000108 | F41: Laptop | G41: Laptop | H41: DINESH | I41: PEIPL0498 | J41: QUALITY | K41: P6 | L41: YES | M41: Yes | N41: NO | O41: YES | P41: Yes | Q41: Uninstalled Ultrviewer | R41: 4510000024 | S41: PEGEPL | T41: 4000 | U41: Yes | V41: 400032000108 | W41: HP | X41: 4510000024
A42: =A41+1 -> 39 | B42: P6-LT-1N142602QJ | C42: 1N142602QJ | D42: Verification Done-P6 | E42: 32000103 | F42: Laptop | G42: Laptop | H42: SHRISHAIL DINDURE | I42: PEGEPL0436 | J42: MAINTAETANCE | K42: P6 | L42: YES | M42: YES | N42: NO | O42: YES | P42: Yes | R42: 4510000024 | S42: PEGEPL | T42: 4000 | U42: Yes | V42: 400032000103 | W42: HP | X42: 4510000024
A43: =A42+1 -> 40 | B43: P4-1N142602RJ | C43: 1N142602RJ | D43: Done | E43: 32000064 | F43: Laptop | G43: Laptop | H43: Nakoti Sai Baba | I43: PEPPL1137 | J43: Finance & Accounts | K43: Corp | L43: Yes | M43: Yes | N43: Yes | O43: No | P43: Yes | R43: =_xlfn.XLOOKUP(C43,'[1]Detailed file'!$M:$M,'[1]Detailed file'!$M:$M) -> 1N142602RJ | S43: PEGEPL | T43: 4000 | U43: Yes | V43: 400032000064 | W43: HP | X43: 4510000052
A44: =A43+1 -> 41 | B44: PEIPL1N142602S1 | C44: 1N142602S1 | D44: Done | E44: 32000069 | F44: Laptop | G44: Laptop | H44: BOYYALA RAKESH | I44: PEGEPL0415 | J44: FINANCE AND ACCOUNTS | K44: Corp | L44: Yes | M44: Yes | N44: Yes | O44: No | P44: Yes | R44: =_xlfn.XLOOKUP(C44,'[1]Detailed file'!$M:$M,'[1]Detailed file'!$M:$M) -> 1N142602S1 | S44: PEGEPL | T44: 4000 | U44: Yes | V44: 400032000069 | W44: HP | X44: 4510000052
A45: =A44+1 -> 42 | B45: DESKTOP-LM90CHQ | C45: 1N142602S6 | D45: Done | E45: 32000070 | F45: Laptop | G45: Laptop | H45: Deepanshi Gupta | I45: PEPPL1167 | J45: Investor Relations | K45: Gurgaon | L45: Yes | M45: No | N45: Yes | O45: Yes | P45: Yes | R45: =_xlfn.XLOOKUP(C45,'[1]Detailed file'!$M:$M,'[1]Detailed file'!$M:$M) -> 1N142602S6 | S45: PEL | T45: 1000 | U45: Yes | V45: 100032000070 | W45: HP | X45: 0
A46: =A45+1 -> 43 | B46: P6-LT-1N142602SH | C46: 1N142602SH | D46: Verification Done-P6 | E46: 32000088 | F46: Laptop | G46: Laptop | H46: VISHNU VARDHAN REDDY | I46: PEIPL0466 | J46: MAINTAINANCE | K46: P6 | L46: YES | M46: Yes | N46: NO | O46: YES | P46: Yes | Q46: Uninstalled Ultrviewer | R46: 4510000024 | S46: PEGEPL | T46: 4000 | U46: Yes | V46: 400032000088 | W46: HP | X46: 4510000024
A47: =A46+1 -> 44 | B47: P2-LT-1N142602SV | C47: 1N142602SV | D47: Corrected | E47: 32000073 | F47: Laptop | G47: Laptop | H47: Jayanti Muppidi | I47: PEIPL0875 | J47: HR | K47: P4 | L47: Yes | M47: Yes H | N47: Yes | O47: Yes | P47: Yes | Q47: hostname was not updated completely | R47: 4510000052 | S47: PEIPL | T47: 5000 | U47: Yes | V47: 500032000073 | W47: HP | X47: 4510000052
A48: =A47+1 -> 45 | B48: P2-L-1N142602SZ | C48: 1N142602SZ | D48: Verified naidupeta | E48: 32000074 | F48: Laptop | G48: Laptop | H48: Mallam Harikiran | I48: PEGEPL0390 | J48: Administration | K48: Naidupeta | L48: Yes | M48: Yes | N48: Yes | O48: NO | P48: YES | R48: =_xlfn.XLOOKUP(C48,'[1]Detailed file'!$M:$M,'[1]Detailed file'!$M:$M) -> 1N142602SZ | S48: PEGEPL | T48: 4000 | U48: Yes | V48: 400032000074 | W48: HP | X48: 4510000053
A49: =A48+1 -> 46 | B49: PEIPL1N142602TC | C49: 1N142602TC | D49: Done | E49: 32000079 | F49: Laptop | G49: Laptop | H49: Kasim Saheb | I49: PEIPL0883 | J49: Finance | K49: Corp | L49: Yes | M49: Yes | N49: Yes | O49: Yes | P49: Yes | Q49: Uninstalled Ultraviewer | R49: =_xlfn.XLOOKUP(C49,'[1]Detailed file'!$M:$M,'[1]Detailed file'!$M:$M) -> 1N142602TC | S49: PEGEPL | T49: 4000 | U49: Yes | V49: 400032000079 | W49: HP | X49: 0
A50: =A49+1 -> 47 | B50: P2-L-1N1426030S | C50: 1N1426030S | D50: Verified | E50: 32000080 | F50: Laptop | G50: Laptop | H50: Boge Sravan Kumar | I50: PSS1307 | J50: Procurement | K50: P2 | L50: Yes | M50: Yes | N50: Yes | O50: No | P50: Yes | R50: =_xlfn.XLOOKUP(C50,'[1]Detailed file'!$M:$M,'[1]Detailed file'!$M:$M) -> #N/A | S50: PEPPL | T50: 2000 | U50: Yes | V50: 200032000080 | W50: HP | X50: 4510000965
A51: =A50+1 -> 48 | B51: P6-LT-1N1426031 | C51: 1N14260313 | D51: Verification Done-P6 | E51: 32000070 | F51: Laptop | G51: Laptop | H51: G. Chaturya | I51: PEGEPL0269 | J51: QUALITY | K51: P6 | L51: YES | M51: YES | N51: NO | O51: YES | P51: Yes | R51: =_xlfn.XLOOKUP(C51,'[1]Detailed file'!$M:$M,'[1]Detailed file'!$M:$M) -> 1N14260313 | S51: PEGEPL | T51: 4000 | U51: Yes | V51: 400032000070 | W51: HP | X51: 0
A52: =A51+1 -> 49 | B52: P6-LT-1N1426031Y | C52: 1N1426031Y | D52: Verification Done-P6 | E52: 32000071 | F52: Laptop | G52: Laptop | H52: G. CHATURYA | I52: PEGEPL0269 | J52: QUALITY | K52: P6 | L52: YES | M52: Yes | N52: NO | O52: No | P52: Yes | Q52: Uninstalled Ultrviewer | R52: 4510000024 | S52: PEGEPL | T52: 4000 | U52: Yes | V52: 400032000071 | W52: HP | X52: 4510000024
A53: =A52+1 -> 50 | B53: PEIPL1N1426033W | C53: 1N1426033W | D53: Done | E53: 32000072 | F53: Laptop | G53: Laptop | H53: Vadde Praneeth | I53: PEGEPL0530 | J53: Human Resources | K53: NAYUDUPETA | L53: Yes | M53: Yes | N53: Yes | O53: No | P53: Yes | R53: =_xlfn.XLOOKUP(C53,'[1]Detailed file'!$M:$M,'[1]Detailed file'!$M:$M) -> 1N1426033W | S53: PEGEPL | T53: 4000 | U53: Yes | V53: 400032000072 | W53: HP | X53: 4510000052
A54: =A53+1 -> 51 | B54: P6-LT-1N14260340 | C54: 1N14260340 | D54: Verification Done-P6 | E54: 32000073 | F54: Laptop | G54: Laptop | H54: RAKESH SARDAR | I54: PEIPL0671 | J54: MAINTENANCE | K54: P6 | L54: Yes | M54: Yes | N54: NO | O54: Yes | P54: Yes | Q54: Uninstalled Ultrviewer | R54: 4510000024 | S54: PEGEPL | T54: 4000 | U54: Yes | V54: 400032000073 | W54: HP | X54: 4510000024
A55: =A54+1 -> 52 | B55: PEG1N14260354 | C55: 1N14260354 | D55: Done | E55: 32000074 | F55: Laptop | G55: Laptop | H55: SHIVA PRASAD VADALA | I55: PSS1464 | J55: IT | K55: Corp | L55: Yes | M55: Yes | N55: Yes | O55: Yes | P55: Yes | R55: =_xlfn.XLOOKUP(C55,'[1]Detailed file'!$M:$M,'[1]Detailed file'!$M:$M) -> #N/A | S55: PEGEPL | T55: 4000 | U55: Yes | V55: 400032000074 | W55: HP | X55: 4510000965
A56: =A55+1 -> 53 | B56: P2-L-1N1426035H | C56: 1N1426035H | D56: Verified | E56: 32000075 | F56: Laptop | G56: Laptop | H56: Mohammad Abdul Najeebuddin | I56: PSS0690 | J56: Procurement | K56: P2 | L56: YES | M56: YES | N56: YES | O56: NO | P56: YES | R56: =_xlfn.XLOOKUP(C56,'[1]Detailed file'!$M:$M,'[1]Detailed file'!$M:$M) -> #N/A | S56: PEPPL | T56: 2000 | U56: Yes | V56: 200032000075 | W56: =_xlfn.XLOOKUP(A56,[1]Cut2!$A:$A,[1]Cut2!$S:$S) -> #N/A | X56: #N/A
A57: =A56+1 -> 54 | B57: P2-L-1N14260362 | C57: 1N14260362 | D57: Corrected | E57: 32000087 | F57: Laptop | G57: Laptop | H57: Pintu Pradhan | I57: PSS1350 | J57: Procurement | K57: P2 | L57: Yes | M57: Yes | N57: YES | O57: YES | P57: Yes | Q57: Ultraviewer | R57: 4510000052 | S57: PEPPL | T57: 2000 | U57: Yes | V57: 200032000087 | W57: HP | X57: 4510000052
A58: =A57+1 -> 55 | B58: PEG1N14260364 | C58: 1N14260364 | D58: Done | E58: 32000090 | F58: Laptop | G58: Laptop | H58: SHRUTHI AGARWAL | I58: PSS1461 | J58: FINANCE AND ACCOUNTS | K58: Corp | L58: Yes | M58: Yes | N58: Yes | O58: Yes | P58: Yes | R58: 4510000965 | S58: PEGEPL | T58: 4000 | U58: Yes | V58: 400032000090 | W58: HP | X58: 4510000965
A59: =A58+1 -> 56 | B59: P2-IT-1N1426039 | C59: 1N1426039W | D59: Verified | E59: 32000094 | F59: Laptop | G59: Laptop | H59: Manjit Singh | I59: PEIPL0130 | J59: Sales & Operations | K59: P2 | L59: YES | M59: Yes | N59: YES | O59: NO | P59: YES | R59: 4510000052 | S59: PEPPL | T59: 2000 | U59: Yes | V59: 200032000094 | W59: HP | X59: 0
A60: =A59+1 -> 57 | B60: P6-LT-ACJT4AA | C60: 1N1426039X | D60: Verification Done-P6 | E60: 32000098 | F60: Laptop | G60: Laptop | H60: M.SATYA NARAYANA | I60: PEGEPL0026 | J60: STORES | K60: P6 | L60: Yes | M60: Yes | N60: NO | O60: Yes | P60: Yes | Q60: Uninstalled Ultrviewer | R60: 4510000024 | S60: PEGEPL | T60: 4000 | U60: Yes | V60: 400032000098 | W60: HP | X60: 4510000024
A61: =A60+1 -> 58 | B61: P6-LT-1N142603BB | C61: 1N142603BB | E61: 32000315 | F61: Laptop | G61: Laptop | H61: BODA KOTESH | I61: PEGEPL0386 | J61: QUALITY | K61: P6 | L61: YES | M61: YES | N61: NO | O61: NO | P61: Yes | Q61: Uninstalled Ultrviewer | R61: =_xlfn.XLOOKUP(C61,'[1]Detailed file'!$M:$M,'[1]Detailed file'!$M:$M) -> #N/A | S61: PEGEPL | T61: 4000 | U61: Yes | V61: 400032000315 | W61: =_xlfn.XLOOKUP(A61,[1]Cut2!$A:$A,[1]Cut2!$S:$S) -> #N/A | X61: #N/A
A62: =A61+1 -> 59 | B62: P6-L-1N142603CP | C62: 1N142603CP | D62: Verification Done-P6 | E62: 32000101 | F62: Laptop | G62: Laptop | H62: BODA KOTESH | I62: PEGEPL0386 | J62: QUALITY | K62: P6 | L62: YES | M62: YES | N62: NO | O62: NO | P62: Yes | Q62: Uninstalled Ultrviewer | R62: 4510000024 | S62: PEGEPL | T62: 4000 | U62: Yes | V62: 400032000101 | W62: HP | X62: 4510000024
A63: =A62+1 -> 60 | B63: PEL1N142603CV | C63: 1N142603CV | D63: No Trend Micro | E63: 32000098 | F63: Laptop | G63: Laptop | H63: YATA MASTHAN | I63: PEGEPL0287 | J63: PROJECTS | K63: CORPORATE OFFICE | L63: Yes | M63: No | N63: Yes | O63: No | P63: Yes | R63: =_xlfn.XLOOKUP(C63,'[1]Detailed file'!$M:$M,'[1]Detailed file'!$M:$M) -> 1N142603CV | S63: PEGEPL | T63: 4000 | U63: Yes | V63: 400032000098 | W63: HP | X63: 0
A64: =A63+1 -> 61 | B64: P6-LT-1N142603CX | C64: 1N142603CX | D64: Verification Done-P6 | E64: 32000089 | F64: Laptop | G64: Laptop | H64: IT ROOM | I64: IT ROOM | J64: IT ROOM | K64: P6 | L64: YES | M64: Yes | N64: NO | O64: Yes | P64: Yes | Q64: Uninstalled Ultrviewer | R64: 4510000024 | S64: PEGEPL | T64: 4000 | U64: Yes | V64: 400032000089 | W64: HP | X64: 4510000024
A65: =A64+1 -> 62 | B65: PEG1N142603D0 | C65: 1N142603D0 | D65: Done | E65: 32000101 | F65: Laptop | G65: Laptop | H65: HARISH.A | I65: PEGEPL0331 | J65: PROCUREMENT | K65: Corp | L65: yes | M65: Yes | N65: yes | O65: no | P65: yes | Q65: yes | R65: =_xlfn.XLOOKUP(C65,'[1]Detailed file'!$M:$M,'[1]Detailed file'!$M:$M) -> #N/A | S65: PEGEPL | T65: 4000 | U65: Yes | V65: 400032000101 | W65: HP | X65: 4510000053
A66: =A65+1 -> 63 | B66: PEIPL1N142603D4 | C66: 1N142603D4 | D66: Done | E66: 32000103 | F66: Laptop | G66: Laptop | H66: Koppula Akshith | I66: PEGEPL0328 | J66: Projects | K66: Corp | L66: Yes | M66: Yes | N66: Yes | O66: No | P66: Yes | R66: =_xlfn.XLOOKUP(C66,'[1]Detailed file'!$M:$M,'[1]Detailed file'!$M:$M) -> 1N142603D4 | S66: PEGEPL | T66: 4000 | U66: Yes | V66: 400032000103 | W66: HP | X66: 4510000052
A67: =A66+1 -> 64 | B67: PEG1N142603D6 | C67: 1N142603D6 | D67: Done | E67: 32000105 | F67: Laptop | G67: Laptop | H67: Swathi.K | I67: PEGEPL0314 | J67: Projects | K67: Corp | L67: Yes | M67: Yes | N67: Yes | O67: Yes | P67: Yes | Q67: Uninstalled Ultraviewer | R67: =_xlfn.XLOOKUP(C67,'[1]Detailed file'!$M:$M,'[1]Detailed file'!$M:$M) -> 1N142603D6 | S67: PEGEPL | T67: 4000 | U67: Yes | V67: 400032000105 | W67: HP | X67: 4510000053
A68: =A67+1 -> 65 | B68: PEIPL1N142603D8 | C68: 1N142603D8 | D68: Done | E68: 32000107 | F68: Laptop | G68: Laptop | H68: Sudharman Arun Kumar | I68: PEGEPL0301 | J68: Projects | K68: Corp | L68: Yes | M68: Yes | N68: Yes | O68: Yes | P68: Yes | Q68: Uninstalled Ultraviewer | R68: 4510000052 | S68: PEGEPL | T68: 4000 | U68: Yes | V68: 400032000107 | W68: HP | X68: 4510000052
A69: =A68+1 -> 66 | B69: P2-IT-1N142603DH | C69: 1N142603DH | D69: Verified | E69: 32000090 | F69: Laptop | G69: Laptop | H69: Sanjeev Kumar | I69: PEPPL0026 | J69: Production | K69: P2 | L69: Yes | M69: Yes | N69: YES | O69: No | P69: Yes | Q69: Ultraviewer | R69: 4510000024 | S69: PEPPL | T69: 2000 | U69: Yes | V69: 200032000090 | W69: HP | X69: 4510000024
A70: =A69+1 -> 67 | B70: PEG1N142603DK | C70: 1N142603DK | D70: Done | E70: 32000108 | F70: Laptop | G70: Laptop | H70: Gavireddy Rajesh | I70: PEGEPL0357 | J70: Projects | K70: Corp | L70: Yes | M70: Yes | N70: Yes | O70: Yes | P70: Yes | Q70: Uninstalled Ultraviewer | R70: =_xlfn.XLOOKUP(C70,'[1]Detailed file'!$M:$M,'[1]Detailed file'!$M:$M) -> 1N142603DK | S70: PEGEPL | T70: 4000 | U70: Yes | V70: 400032000108 | W70: HP | X70: 4510000053
A71: =A70+1 -> 68 | B71: P6-LT-1N142603DM | C71: 1N142603DM | D71: Verification Done-P6 | E71: 32000092 | F71: Laptop | G71: Laptop | H71: ANUSHA | I71: PEGEPL0237 | J71: QUALITY | K71: P6 | L71: Yes | M71: Yes | N71: NO | O71: Yes | P71: Yes | Q71: Uninstalled Ultrviewer | R71: 4510000024 | S71: PEGEPL | T71: 4000 | U71: Yes | V71: 400032000092 | W71: HP | X71: 4510000024
A72: =A71+1 -> 69 | B72: PEL1N142603DP | C72: 1N142603DP | D72: DONE | E72: 32000109 | F72: Laptop | G72: Laptop | H72: IT STOCK | I72: IT STOCK | J72: IT STOCK | K72: P2 | L72: YES | M72: YES | N72: YES | O72: No | P72: YES | R72: =_xlfn.XLOOKUP(C72,'[1]Detailed file'!$M:$M,'[1]Detailed file'!$M:$M) -> #N/A | S72: PEPPL | T72: 2000 | U72: Yes | V72: 200032000109 | W72: HP | X72: 0
A73: =A72+1 -> 70 | B73: PEIPL1N142603DY | C73: 1N142603DY | D73: Done | E73: 32000115 | F73: Laptop | G73: Laptop | H73: E S K Sastry | I73: PEGEPL0327 | J73: Projects | K73: Corp | L73: Yes | M73: Yes | N73: Yes | O73: No | P73: Yes | R73: 4510000052 | S73: PEGEPL | T73: 4000 | U73: Yes | V73: 400032000115 | W73: HP | X73: 4510000052
A74: =A73+1 -> 71 | B74: PEIPL1N142603F0 | C74: 1N142603F0 | D74: Done | E74: 32000116 | F74: Laptop | G74: Laptop | H74: Dharma Rao | I74: PSS1413 | J74: Finance & Accounts | K74: Corp | L74: Yes | M74: Yes | N74: Yes | O74: Yes | P74: Yes | Q74: Uninstalled Ultraviewer | R74: =_xlfn.XLOOKUP(C74,'[1]Detailed file'!$M:$M,'[1]Detailed file'!$M:$M) -> 1N142603F0 | S74: PEGEPL | T74: 4000 | U74: Yes | V74: 400032000116 | W74: HP | X74: 0
A75: =A74+1 -> 72 | B75: PEIPL1N142603F1 | C75: 1N142603F1 | D75: Done | E75: 32000117 | F75: Laptop | G75: Laptop | H75: Lalitha B | I75: PEGEPL0275 | J75: Finance & Accounts | K75: Corp | L75: Yes | M75: Yes | N75: Yes | O75: Yes | P75: Yes | Q75: Uninstalled Ultraviewer | R75: =_xlfn.XLOOKUP(C75,'[1]Detailed file'!$M:$M,'[1]Detailed file'!$M:$M) -> 1N142603F1 | S75: PEGEPL | T75: 4000 | U75: Yes | V75: 400032000117 | W75: HP | X75: 0
A76: =A75+1 -> 73 | B76: PEL1N142603FK | C76: 1N142603FK | D76: DONE | E76: 32000118 | F76: Laptop | G76: Laptop | H76: Sanya Katyal | I76: PEGEPL0153 | J76: Projects | K76: Gurgaon | L76: YES | M76: No | N76: YES | O76: No | P76: YES | R76: =_xlfn.XLOOKUP(C76,'[1]Detailed file'!$M:$M,'[1]Detailed file'!$M:$M) -> 1N142603FK | S76: PEL | T76: 1000 | U76: Yes | V76: 100032000118 | W76: HP | X76: 4510000052
A77: =A76+1 -> 74 | B77: PEG1N142603FM | C77: 1N142603FM | D77: Done | E77: 32000123 | F77: Laptop | G77: Laptop | H77: Prudvi Raju | I77: PEGEPL0288 | J77: Finance & Accounts | K77: Corp | L77: Yes | M77: Yes | N77: Yes | O77: Yes | P77: Yes | Q77: Uninstalled Ultraviewer | R77: =_xlfn.XLOOKUP(C77,'[1]Detailed file'!$M:$M,'[1]Detailed file'!$M:$M) -> 1N142603FM | S77: PEGEPL | T77: 4000 | U77: Yes | V77: 400032000123 | W77: HP | X77: 0
A78: =A77+1 -> 75 | B78: P2-LT-1N142603GM | C78: 1N142603GM | D78: Verified | E78: 32000128 | F78: Laptop | G78: Laptop | H78: Manoj kumar | I78: PEPPL0111 | J78: Production | K78: P2 | L78: Yes | M78: Yes | N78: Yes | O78: Yes | P78: Yes | R78: =_xlfn.XLOOKUP(C78,'[1]Detailed file'!$M:$M,'[1]Detailed file'!$M:$M) -> #N/A | S78: PEPPL | T78: 2000 | U78: Yes | V78: 200032000128 | W78: HP | X78: 4510000005
A79: =A78+1 -> 76 | C79: 1N142603H5 | D79: DONE | E79: 32000329 | F79: Laptop | G79: Laptop | H79: Rahul Saxena | I79: PEPPL1197 | J79: Channel Sales | K79: Ahmedabad | L79: Yes | M79: No | N79: No | O79: Yes | P79: Yes | R79: 4510000005 | S79: PEL | T79: 1000 | U79: Yes | V79: 100032000329 | W79: HP | X79: 4510000005
A80: =A79+1 -> 77 | B80: P6-LT-1N142603HM | C80: 1N142603HM | D80: Corrected | E80: 32000104 | F80: Laptop | G80: Laptop | H80: DINESH KUMAR | I80: PEIPL0498 | J80: QUALITY | K80: P6 | L80: YES | M80: YES | N80: NO | O80: YES | P80: Yes | R80: 4510000024 | S80: PEGEPL | T80: 4000 | U80: Yes | V80: 400032000104 | W80: HP | X80: 4510000024
A81: =A80+1 -> 78 | B81: PEIPL1N142603HS | C81: 1N142603HS | D81: Verified | E81: 32000132 | F81: Laptop | G81: Laptop | H81: Kinjarapu Bhanu Teja | I81: PEGEPL0337 | J81: Projects | K81: Corp | L81: Yes | M81: Yes | N81: Yes | O81: No | P81: Yes | R81: 4510000052 | S81: PEGEPL | T81: 4000 | U81: Yes | V81: 400032000132 | W81: HP | X81: 4510000052
A82: =A81+1 -> 79 | B82: PEPPL1N142603HY | C82: 1N142603HY | D82: Done | E82: 32000327 | F82: Laptop | G82: Laptop | H82: Madhusudan G S | I82: PEGEPL0236 | J82: Projects | K82: Corp | L82: YES | M82: YES | N82: YES | O82: NO | P82: Yes | R82: 4510000005 | S82: PEGEPL | T82: 4000 | U82: Yes | V82: 400032000327 | W82: HP | X82: 0
A83: =A82+1 -> 80 | B83: PEPPL1N142603J3 | C83: 1N142603J3 | D83: Done | E83: 32000139 | F83: Laptop | G83: Laptop | H83: R. Prameela Rani | I83: PSS1435 | J83: Legal | K83: Corp | L83: Yes | M83: Yes | N83: Yes | O83: No | P83: Yes | R83: =_xlfn.XLOOKUP(C83,'[1]Detailed file'!$M:$M,'[1]Detailed file'!$M:$M) -> #N/A | S83: PEGEPL | T83: 4000 | U83: Yes | V83: 400032000139 | W83: HP | X83: 4510000005
A84: =A83+1 -> 81 | B84: PEL-1N142603JM | C84: 1N142603JM | D84: Done | E84: 32000140 | F84: Laptop | G84: Laptop | H84: Sunkoju Lalith | I84: PEPPL1138 | J84: Channel Sales | K84: Corp | L84: Yes | M84: Yes | N84: Yes | O84: No | P84: Yes | R84: 4510000049 | S84: PEGEPL | T84: 4000 | U84: Yes | V84: 400032000140 | W84: HP | X84: 0
A85: =A84+1 -> 82 | B85: PEL-1N142603JY | C85: 1N142603JY | D85: Done | E85: 32000306 | F85: Laptop | G85: Laptop | H85: Jyoshna | I85: PSS1341 | J85: Projects | K85: Corp | L85: Yes | M85: Yes | N85: Yes | O85: Yes | P85: Yes | Q85: Uninstalled Ultraviewer | R85: 4510000049 | S85: PEGEPL | T85: 4000 | U85: Yes | V85: 400032000306 | W85: HP | X85: 4510001061
A86: =A85+1 -> 83 | B86: PEG1N142603KD | C86: 1N142603KD | D86: Done | E86: 32000143 | F86: Laptop | G86: Laptop | H86: Kiran Kumar Reddy | I86: PEGE | J86: Procurement | K86: Corp | L86: Yes | M86: Yes | N86: Yes | O86: No | P86: Yes | Q86: Uninstalled Ultraviewer | R86: 4510000052 | S86: PEGEPL | T86: 4000 | U86: Yes | V86: 400032000143 | W86: HP | X86: 0
A87: =A86+1 -> 84 | B87: PEG1N142603KW | C87: 1N142603KW | D87: Done | E87: 32000144 | F87: Laptop | G87: Laptop | H87: Gayathri | I87: PEPPL0800 | J87: Finance | K87: Corp | L87: Yes | M87: Yes | N87: Yes | O87: Yes | P87: Yes | Q87: Uninstalled Ultraviewer | R87: =_xlfn.XLOOKUP(C87,'[1]Detailed file'!$M:$M,'[1]Detailed file'!$M:$M) -> 1N142603KW | S87: PEGEPL | T87: 4000 | U87: Yes | V87: 400032000144 | W87: HP | X87: 0
A88: =A87+1 -> 85 | B88: P2-L-1N142603KZ | C88: 1N142603KZ | D88: Verified | E88: 32000147 | F88: Laptop | G88: Laptop | H88: Chithra Battini | I88: PEIPL0841 | J88: HR | K88: P2 | L88: Yes | M88: Yes | N88: Yes | O88: No | P88: Yes | R88: =_xlfn.XLOOKUP(C88,'[1]Detailed file'!$M:$M,'[1]Detailed file'!$M:$M) -> 1N142603KZ | S88: PEPPL | T88: 2000 | U88: Yes | V88: 200032000147 | W88: #N/A | X88: #N/A
A89: =A88+1 -> 86 | B89: P6-LT-1N142603M7 | C89: 1N142603M7 | D89: Verification Done-P6 | E89: 32000091 | F89: Laptop | G89: Laptop | H89: B.SAGAR | I89: PEGEPL0187 | J89: STORES | K89: P6 | L89: Yes | M89: Yes | N89: NO | O89: Yes | P89: Yes | Q89: Uninstalled Ultrviewer | R89: 4510000024 | S89: PEGEPL | T89: 4000 | U89: Yes | V89: 400032000091 | W89: HP | X89: 4510000024
A90: =A89+1 -> 87 | B90: P6-LT-1N142603Q1 | C90: 1N142603Q1 | D90: Verification Done-P6 | E90: 32000102 | F90: Laptop | G90: Laptop | H90: RISHIKA | I90: PEGEPL0207 | J90: PRODUCTION | K90: P6 | L90: Yes | M90: Yes | N90: NO | O90: Yes | P90: Yes | Q90: Uninstalled Ultrviewer | R90: 4510000024 | S90: PEGEPL | T90: 4000 | U90: Yes | V90: 400032000102 | W90: HP | X90: 4510000024
A91: =A90+1 -> 88 | B91: PEG1N142603RP | C91: 1N142603RP | D91: Done | E91: 32000148 | F91: Laptop | G91: Laptop | H91: Bandi Indu | I91: PSS1451 | J91: Finance & Accounts | K91: Corp | L91: Yes | M91: Yes | N91: Yes | O91: Yes | P91: Yes | Q91: Uninstalled Ultraviewer | R91: =_xlfn.XLOOKUP(C91,'[1]Detailed file'!$M:$M,'[1]Detailed file'!$M:$M) -> 1N142603RP | S91: PEGEPL | T91: 4000 | U91: Yes | V91: 400032000148 | W91: HP | X91: 0
A92: =A91+1 -> 89 | B92: PEIPL1N142603SN | C92: 1N142603SN | D92: Done | E92: 32000149 | F92: Laptop | G92: Laptop | H92: Rambhatla Aman | I92: PEGEPL0310 | J92: Procurement | K92: Corp | L92: Yes | M92: Yes | N92: Yes | O92: No | P92: Yes | Q92: No uninsallation | R92: =_xlfn.XLOOKUP(C92,'[1]Detailed file'!$M:$M,'[1]Detailed file'!$M:$M) -> 1N142603SN | S92: PEGEPL | T92: 4000 | U92: Yes | V92: 400032000149 | W92: HP | X92: 0
A93: =A92+1 -> 90 | B93: P2-L-1N142603ST | C93: 1N142603ST | D93: Verified naidupeta | E93: 32000150 | F93: Laptop | G93: Laptop | H93: P Suresh | I93: PEGEPL0429 | J93: Admin | K93: Naidupeta | L93: Yes | M93: Yes H | N93: No | O93: No | P93: Yes | R93: =_xlfn.XLOOKUP(C93,'[1]Detailed file'!$M:$M,'[1]Detailed file'!$M:$M) -> 1N142603ST | S93: PEGEPL | T93: 4000 | U93: Yes | V93: 400032000150 | W93: HP | X93: 4510000053
A94: =A93+1 -> 91 | B94: P2-L-1N142603TD | C94: 1N142603TD | D94: Verified | E94: 32000330 | F94: Laptop | G94: Laptop | H94: Meenakshi Bhaisare | I94: PEIPL0030 | J94: R&D | K94: P2 | L94: Yes | M94: Yes | N94: Yes | O94: No | P94: Yes | R94: 4510000005 | S94: PEPPL | T94: 2000 | U94: Yes | V94: 200032000330 | W94: HP | X94: 4510000005
A95: =A94+1 -> 92 | B95: PEG1N142603V7 | C95: 1N142603V7 | D95: Done | E95: 32000152 | F95: Laptop | G95: Laptop | H95: Vijay Kumar Gajula | I95: PEGEPL0238 | J95: HR | K95: Corporate Office | L95: Yes | M95: Yes | N95: Yes | O95: Yes | P95: Yes | Q95: Uninstalled Ultrviewer | R95: =_xlfn.XLOOKUP(C95,'[1]Detailed file'!$M:$M,'[1]Detailed file'!$M:$M) -> 1N142603V7 | S95: PEGEPL | T95: 4000 | U95: Yes | V95: 400032000152 | W95: HP | X95: 0
A96: =A95+1 -> 93 | C96: 1N142603VH | D96: No Trend Micro | E96: 32000155 | F96: Laptop | G96: Laptop | H96: PAVAN R | I96: CONSULATANT | J96: CONSULATANT | K96: Corporate Office | L96: Yes | M96: No | N96: Yes | O96: Yes | P96: Yes | R96: 4510000049 | S96: PEGEPL | T96: 4000 | U96: Yes | V96: 400032000155 | W96: HP | X96: 0
A97: =A96+1 -> 94 | B97: PEG1N142603VP | C97: 1N142603VP | D97: Done | E97: 32000157 | F97: Laptop | G97: Laptop | H97: Sanagavarapu Ramakrishna | I97: PSS1345 | J97: Finance & Accounts | K97: Corp | L97: Yes | M97: Yes | N97: Yes | O97: No | P97: Yes | R97: =_xlfn.XLOOKUP(C97,'[1]Detailed file'!$M:$M,'[1]Detailed file'!$M:$M) -> 1N142603VP | S97: PEGEPL | T97: 4000 | U97: Yes | V97: 400032000157 | W97: HP | X97: 4510000053
A98: =A97+1 -> 95 | B98: PEG1N142603VT | C98: 1N142603VT | D98: Done | E98: 32000158 | F98: Laptop | G98: Laptop | H98: Shravan Kumar | I98: PEIPL0892 | J98: SAP | K98: Corp | L98: Yes | M98: Yes | N98: Yes | O98: Yes | P98: Yes | Q98: Uninstalled Ultraviewer | R98: =_xlfn.XLOOKUP(C98,'[1]Detailed file'!$M:$M,'[1]Detailed file'!$M:$M) -> 1N142603VT | S98: PEGEPL | T98: 4000 | U98: Yes | V98: 400032000158 | W98: HP | X98: 4510000053
A99: =A98+1 -> 96 | B99: PEG1N142603WC | C99: 1N142603WC | D99: Verified | E99: 32000306 | F99: Laptop | G99: Laptop | H99: it stock | I99: it stock | J99: IT | K99: P2 | L99: Yes | M99: Yes | N99: Yes | O99: Yes | P99: Yes | Q99: Uninstalled Ultraviewer | R99: =_xlfn.XLOOKUP(C99,'[1]Detailed file'!$M:$M,'[1]Detailed file'!$M:$M) -> 1N142603WC | S99: PEPPL | T99: 2000 | U99: Yes | V99: 200032000306 | W99: HP | X99: 0
A100: =A99+1 -> 97 | B100: P2-L-1N142603WJ | C100: 1N142603WJ | D100: Verified naidupeta | E100: 32000306 | F100: Laptop | G100: Laptop | H100: Chittela Mallikarjuna Reddy | I100: PEGEPL0249 | J100: Projects | K100: Naidupeta | L100: Yes | M100: Yes | N100: YES | O100: YES | P100: Yes | Q100: Ultraviewer | R100: =_xlfn.XLOOKUP(C100,'[1]Detailed file'!$M:$M,'[1]Detailed file'!$M:$M) -> 1N142603WJ | S100: PEGEPL | T100: 4000 | U100: Yes | V100: 400032000306 | W100: HP | X100: 0
A101: =A100+1 -> 98 | B101: PEL1N1426063T | C101: 1N1426063T | D101: Done | E101: 32000328 | F101: Laptop | G101: Laptop | H101: PREM KUMAR REDDY | I101: PEGEPL0425 | J101: PROCUREMENT | K101: Corp | L101: Yes | M101: Yes | N101: YES | O101: YES | P101: Yes | R101: 4510000005 | S101: PEGEPL | T101: 4000 | U101: Yes | V101: 400032000328 | W101: HP | X101: 4510000005
A102: =A101+1 -> 99 | B102: PEPPL1N14260645 | C102: 1N14260645 | D102: Done | E102: 32000340 | F102: Laptop | G102: Laptop | H102: Lakshmi kiran | I102: PEIPL0879 | J102: Finance & Accounts | K102: Corp | L102: Yes | M102: Yes | N102: Yes | O102: Yes | P102: Yes | Q102: Uninstalled Ultraviewer | R102: 4510000005 | S102: PEGEPL | T102: 4000 | U102: Yes | V102: 400032000340 | W102: HP | X102: 0
...

Sheet Cut2
A2: S.no | B2: Hostname | C2: Serial numbers | D2: Rough IP | E2: Sap Code | F2: Laptop/Desktop | G2: Laptop or Desktop | H2: Location | I2: As per Capex Team | J2: Company Name | K2: Mapped | L2: Make
A3: 2 | B3: DT-HEEVDO4 | C3: HEEVDO4 | D3: TECHNICAL-1 | F3: Desktop | G3: Desktop | H3: P4 | I3: #N/A | J3: PEIPL | K3: Yes | L3: #N/A
A4: 3 | B4: DT-43KWMZ3 | C4: 43KWMZ3 | D4: Corrected | F4: Desktop | G4: Desktop | H4: P4 | I4: #N/A | J4: PEIPL | K4: Yes | L4: #N/A
A5: 4 | B5: PEGEPL-DT-43KWMZ3 | C5: 43KWMZ3 | D5: Corrected | F5: Desktop | G5: Desktop | H5: P4 | I5: #N/A | J5: PEIPL | K5: Yes | L5: #N/A
A6: 13 | B6: DESKTOP-D865K23 | C6: F22SMZ3 | D6: Corrected | E6: 32000006 | F6: Desktop | G6: Desktop | H6: P4 | I6: #N/A | J6: PEIPL | K6: Yes | L6: #N/A
A7: 19 | B7: P2-DT-1CZRPT3 | C7: 1CZRPT3 | D7: Verified(general) | F7: Desktop | G7: Desktop | H7: P2 | I7: #N/A | J7: PEPPL | K7: Yes | L7: #N/A
A8: 24 | B8: DT-1HZVMZ3 | C8: 1HZVMZ3 | D8: Corrected | F8: Desktop | G8: Desktop | H8: P4 | I8: #N/A | J8: PEIPL | K8: Yes | L8: Dell
A9: 115 | B9: P2-D-1N145106PC | C9: 1N145106PC | D9: Verified | F9: Desktop | G9: Desktop | H9: P2 | I9: #N/A | J9: PEPPL | K9: Yes | L9: HP
A10: 213 | B10: P2-DT-1VZ3324 | C10: 1VZ3324 | D10: Verified | E10: 32000294 | F10: Desktop | G10: Desktop | H10: P2 | I10: #N/A | J10: PEPPL | K10: Yes | L10: Dell
A11: 214 | B11: P2-DT-1X8TXK3 | C11: 1X8TXK3 | D11: Verified | F11: Desktop | G11: Desktop | H11: P2 | I11: #N/A | J11: PEPPL | K11: Yes | L11: #N/A
A12: 217 | B12: P2-DT-22M3VK3 | C12: 22M3VK3 | D12: Verified | F12: Desktop | G12: Desktop | H12: P2 | I12: #N/A | J12: PEPPL | K12: Yes | L12: #N/A
A13: 223 | B13: DESKTOP-2K91SB8 | C13: 28ZTVM3 | D13: Verified | F13: Desktop | G13: Desktop | H13: P2 | I13: #N/A | J13: PEPPL | K13: Yes | L13: #N/A
A14: 229 | B14: DT-2MMRMZ3 | C14: 2MMRMZ3 | D14: Corrected | E14: 32000006 | F14: Desktop | G14: Desktop | H14: P4 | I14: #N/A | J14: PEIPL | K14: Yes | L14: Dell
A15: 233 | B15: DESKTOP-O9GOHCR | C15: 2TJ8FP2 | D15: Verified | F15: Desktop | G15: Desktop | H15: City Office | I15: #N/A | J15: PEGEPL | K15: Yes | L15: #N/A
A16: 245 | B16: DT-3GZVMZ3 | C16: 3GZVMZ3 | D16: Corrected | F16: Desktop | G16: Desktop | H16: P4 | I16: #N/A | J16: PEIPL | K16: Yes | L16: #N/A
A17: 247 | B17: DT-3L49FVH | C17: 3L49FVH | D17: Corrected | F17: Desktop | G17: Desktop | H17: P4 | I17: #N/A | J17: PEIPL | K17: Yes | L17: #N/A
A18: 262 | B18: DT-47IUQAC | C18: 47IUQAC | D18: Corrected | F18: Desktop | G18: Desktop | H18: P4 | I18: #N/A | J18: PEIPL | K18: Yes | L18: #N/A
A19: 271 | C19: 52TZ914 | D19: Verified(mission connection) | F19: Desktop | G19: Desktop | H19: P2 | I19: #N/A | J19: PEPPL | K19: Yes | L19: #N/A
A20: 272 | C20: 52X0B14 | D20: Done | F20: Desktop | G20: Desktop | H20: P2 | I20: #N/A | J20: PEPPL | K20: Yes | L20: #N/A
A21: 274 | B21: P3-DT-57PZGW3 | C21: 57PZGW3 | D21: Verified | E21: 32000023 | F21: Desktop | G21: Desktop | H21: P2 | I21: #N/A | J21: PEPPL | K21: Yes | L21: #N/A
A22: 277 | B22: P2-DT-5BZRPT3 | C22: 5BZRPT3 | D22: Verified(general) | F22: Desktop | G22: Desktop | H22: P2 | I22: #N/A | J22: PEPPL | K22: Yes | L22: #N/A
A23: 281 | B23: DESKTOP-EP5O9FV | C23: 5CG83353XD | D23: Verified | F23: Desktop | G23: Desktop | H23: P2 | I23: #N/A | J23: PEPPL | K23: Yes | L23: #N/A
A24: 283 | B24: P6-DT-C54P89E | C24: 5GQ2N24 | D24: Verification Done-P6 | F24: Desktop | G24: Desktop | H24: P6 | I24: #N/A | J24: PEGEPL | K24: Yes | L24: #N/A
A25: 288 | B25: P2-DT-5NVHJB3 | C25: 5NVHJB3 | D25: Verified | F25: Shared Desktop | G25: Desktop | H25: P2 | I25: #N/A | J25: PEPPL | K25: Yes | L25: #N/A
A26: 289 | C26: 5P4VBP3 | D26: Done | F26: Desktop | G26: Desktop | H26: P2 | I26: #N/A | J26: PEPPL | K26: Yes | L26: #N/A
A27: 292 | B27: DESKTOP-KUBDH36 | C27: 5XZTVM3 | D27: Done | F27: Desktop | G27: Desktop | H27: P2 | I27: #N/A | J27: PEPPL | K27: Yes | L27: #N/A
A28: 299 | B28: P2-DT-68C34G3 | C28: 68C34G3 | D28: DONE | F28: Desktop | G28: Desktop | H28: P2 | I28: #N/A | J28: PEPPL | K28: Yes | L28: #N/A
A29: 303 | B29: P2-LT-6FPZGW3 | C29: 6FPZGW3 | D29: Verified | F29: Desktop | G29: Desktop | H29: P2 | I29: #N/A | J29: PEPPL | K29: Yes | L29: #N/A
A30: 306 | B30: P2-DT-6MPJDB2 | C30: 6MPJDB2 | D30: Verified | F30: Desktop | G30: Desktop | H30: City Office | I30: #N/A | J30: PEGEPL | K30: Yes | L30: #N/A
A31: 307 | B31: PEIPL-DT-6NND8BS | C31: 6NND8BS | D31: Verified | F31: Desktop | G31: Desktop | H31: P2 | I31: #N/A | J31: PEPPL | K31: Yes | L31: #N/A
A32: 310 | B32: DESKTOP-4HCLSGK | C32: 6PZTVM3 | D32: DONE | F32: Desktop | G32: Desktop | H32: P2 | I32: #N/A | J32: PEPPL | K32: Yes | L32: #N/A
A33: 311 | B33: P2-DT-6QTWM24 | C33: 6QTWM24 | D33: Verified | F33: Desktop | G33: Desktop | H33: P2 | I33: #N/A | J33: PEPPL | K33: Yes | L33: Dell
A34: 313 | B34: PEPPL-DT-6W8TXK | C34: 6W8TXK | D34: Verified | F34: Shared Desktop | G34: Desktop | H34: P2 | I34: #N/A | J34: PEPPL | K34: Yes | L34: #N/A
A35: 314 | B35: PEPPL-DT-6W8TXK3 | C35: 6W8TXK3 | D35: Verified | F35: Desktop | G35: Desktop | H35: P2 | I35: #N/A | J35: PEPPL | K35: Yes | L35: #N/A
A36: 315 | B36: DT-C7JEGJ3 | C36: 6YSVMZ3 | D36: Corrected | F36: Desktop | G36: Desktop | H36: P4 | I36: #N/A | J36: PEIPL | K36: Yes | L36: #N/A
A37: 319 | B37: P2-DT-769TXK3 | C37: 769TXK3 | D37: Verified(general) | F37: Desktop | G37: Desktop | H37: P2 | I37: #N/A | J37: PEPPL | K37: Yes | L37: #N/A
A38: 320 | B38: P2-DT-ASPBK04 | C38: 798X5V2 | D38: Verified(correct) | F38: Desktop | G38: Desktop | H38: P2 | I38: #N/A | J38: PEPPL | K38: Yes | L38: #N/A
A39: 324 | B39: DT-7GZVMZ3 | C39: 7GZVMZ3 | D39: Corrected | F39: Desktop | G39: Desktop | H39: P4 | I39: #N/A | J39: PEIPL | K39: Yes | L39: #N/A
A40: 329 | B40: P6-DT-I9GFHPU | C40: 7NLMN24 | D40: Verification Done-P6 | F40: Desktop | G40: Desktop | H40: P6 | I40: #N/A | J40: PEGEPL | K40: Yes | L40: #N/A
A41: 334 | B41: P2-DT-7YZ3324 | C41: 7YZ3324 | D41: Verified | E41: 32000291 | F41: Shared Desktop | G41: Desktop | H41: P2 | I41: #N/A | J41: PEPPL | K41: Yes | L41: Dell
A42: 335 | B42: DT-7Z2SMZ3 | C42: 7Z2SMZ3 | D42: Corrected | F42: Desktop | G42: Desktop | H42: P4 | I42: #N/A | J42: PEIPL | K42: Yes | L42: #N/A
A43: 340 | B43: PEIPL-DT-880CQT3 | C43: 880CQT3 | D43: Verified | F43: Desktop | G43: Desktop | H43: P2 | I43: #N/A | J43: PEPPL | K43: Yes | L43: #N/A
A44: 343 | B44: DESKTOP-C3LPOCH | C44: 8CG0173Y71 | D44: Verified | F44: Desktop | G44: Desktop | H44: City Office | I44: #N/A | J44: PEGEPL | K44: Yes | L44: #N/A
A45: 349 | C45: 8GJHNH3 | F45: Shared Desktop | G45: Desktop | H45: P2 | I45: #N/A | J45: PEPPL | K45: Yes | L45: #N/A
A46: 355 | B46: P2-LT-8W9V3H2 | C46: 8W9V3H2 | D46: DONE | F46: Desktop | G46: Desktop | H46: P2 | I46: #N/A | J46: PEPPL | K46: Yes | L46: #N/A
A47: 358 | B47: PEIPL-DT-91GKXW | C47: 91GKXW | D47: Verified | F47: Desktop | G47: Desktop | H47: P2 | I47: #N/A | J47: PEPPL | K47: Yes | L47: #N/A
A48: 364 | B48: P2-DT-98PZGW3 | C48: 98PZGW3 | D48: Verified | E48: 32000023 | F48: Shared Desktop | G48: Desktop | H48: P2 | I48: #N/A | J48: PEPPL | K48: Yes | L48: #N/A
A49: 374 | B49: DT-OBDEO4C | C49: B1P2CX3 | D49: Corrected | F49: Desktop | G49: Desktop | H49: P4 | I49: #N/A | J49: PEIPL | K49: Yes | L49: #N/A
A50: 376 | B50: P2-DT-B59TXK3 | C50: B59TXK3 | D50: Verified(general) | F50: Shared Desktop | G50: Desktop | H50: P2 | I50: #N/A | J50: PEPPL | K50: Yes | L50: #N/A
A51: 379 | B51: DESKTOP-H66K065 | C51: B961N24 | D51: completed | F51: Shared Desktop | G51: Desktop | H51: Bahadurguda | I51: #N/A | J51: PEPPL | K51: Yes | L51: #N/A
A52: 385 | B52: DT-BP0TMZ3 | C52: BP0TMZ3 | D52: Corrected | F52: Desktop | G52: Desktop | H52: P4 | I52: #N/A | J52: PEIPL | K52: Yes | L52: #N/A
A53: 394 | B53: P2-DT-C5PZGW3 | C53: C5PZGW3 | D53: Verified | E53: 32000023 | F53: Shared Desktop | G53: Desktop | H53: P2 | I53: #N/A | J53: PEPPL | K53: Yes | L53: #N/A
A54: 396 | B54: P2-DT-C6PZGW3 | C54: C6PZGW3 | D54: Verified(General) | E54: 32000023 | F54: Shared Desktop | G54: Desktop | H54: P2 | I54: #N/A | J54: PEPPL | K54: Yes | L54: #N/A
A55: 399 | B55: DT-CFXWMZ3 | C55: CFXWMZ3 | D55: Corrected | E55: 32000006 | F55: Desktop | G55: Desktop | H55: P4 | I55: #N/A | J55: PEIPL | K55: Yes | L55: Dell
A56: 417 | B56: PEPPL-CONC | C56: CONC | D56: Verified | F56: DESKTOP SCADAR | G56: Desktop | H56: P2 | I56: #N/A | J56: PEPPL | K56: Yes | L56: #N/A
A57: 421 | B57: PEGEPL-DT-CYKVMZ3 | C57: CYKVMZ3 | D57: Corrected | F57: Desktop | G57: Desktop | H57: P5 | I57: #N/A | J57: PEGEPL | K57: Yes | L57: #N/A
A58: 423 | B58: P2-DT-D5PZGW3 | C58: D5PZGW3 | D58: Verified | E58: 32000023 | F58: Desktop | G58: Desktop | H58: P2 | I58: #N/A | J58: PEPPL | K58: Yes | L58: #N/A
A59: 427 | C59: DHRP9W2 | D59: DONE | F59: Desktop | G59: Desktop | H59: P2 | I59: #N/A | J59: PEPPL | K59: Yes | L59: #N/A
A60: 432 | B60: P2-DTJY51N24 | C60: DTJY51N24 | D60: Verified | E60: 32000320 | F60: Shared Desktop | G60: Desktop | H60: P2 | I60: #N/A | J60: PEPPL | K60: Yes | L60: #N/A
A61: 443 | B61: PEGEPL-DT-F5SSMZ3 | C61: F5SSMZ3 | D61: Corrected | F61: Desktop | G61: Desktop | H61: P4 | I61: #N/A | J61: PEIPL | K61: Yes | L61: Dell
A62: 444 | C62: F6WTVM3 | D62: Verified | F62: Desktop | G62: Desktop | H62: P2 | I62: #N/A | J62: PEPPL | K62: Yes | L62: #N/A
A63: 449 | B63: P2-DT-FF8F9X2 | C63: FF8F9X2 | D63: Verified | F63: SCARDA Desktop | G63: Desktop | H63: P2 | I63: #N/A | J63: PEPPL | K63: Yes | L63: #N/A
A64: 453 | B64: PEPPL-DIS | C64: FHRK9X2 | D64: Verified | F64: SCARDA Desktop | G64: Desktop | H64: P2 | I64: #N/A | J64: PEPPL | K64: Yes | L64: #N/A
A65: 454 | B65: P2-DT-FHVHJB3 | C65: FHVHJB3 | D65: Verified | F65: Desktop | G65: Desktop | H65: P2 | I65: #N/A | J65: PEPPL | K65: Yes | L65: #N/A
A66: 470 | B66: P2-DT-G9ZRPT3 | C66: G9ZRPT3 | D66: Verified | F66: Shared Desktop | G66: Desktop | H66: P2 | I66: #N/A | J66: PEPPL | K66: Yes | L66: #N/A
A67: 472 | B67: P6-DT-RT43BM4 | C67: GGQ2124 | D67: Verification Done-P6 | F67: Desktop | G67: Desktop | H67: P6 | I67: #N/A | J67: PEGEPL | K67: Yes | L67: #N/A
A68: 480 | B68: P2-DT-GQTRPT3 | C68: GQTRPT3 | D68: Verified | E68: 32000017 | F68: Shared Desktop | G68: Desktop | H68: P2 | I68: #N/A | J68: PEPPL | K68: Yes | L68: #N/A
A69: 486 | B69: P2-DT-H5FKXW3 | C69: H5FKXW3 | D69: Verified(General) | E69: 32000028 | F69: Shared Desktop | G69: Desktop | H69: P2 | I69: #N/A | J69: PEPPL | K69: Yes | L69: #N/A
A70: 495 | B70: DESKTOP-6JULFSD | C70: HLG3JN24 | D70: completed | F70: Shared Desktop | G70: Desktop | H70: Bahadurguda | I70: #N/A | J70: PEPPL | K70: Yes | L70: #N/A
A71: 502 | B71: DESKTOP-1NHD2HG | C71: HYYR0N3 | D71: Verified | F71: Desktop | G71: Desktop | H71: P2 | I71: #N/A | J71: PEPPL | K71: Yes | L71: #N/A
A72: 503 | B72: DESKTOP-3GCS2P4 | C72: INA050V426 | D72: Verified | F72: Desktop | G72: Desktop | H72: P2 | I72: #N/A | J72: PEPPL | K72: Yes | L72: #N/A
A73: 506 | B73: P2-DT-J5PZGW3 | C73: J5PZGW3 | D73: Verified(General) | F73: Shared Desktop | G73: Desktop | H73: P2 | I73: #N/A | J73: PEPPL | K73: Yes | L73: #N/A
A74: 508 | B74: P2-DT-J70CQT3 | C74: J70CQT3 | D74: Verified(General) | E74: 32000024 | F74: Shared Desktop | G74: Desktop | H74: P2 | I74: #N/A | J74: PEPPL | K74: Yes | L74: #N/A
A75: 516 | B75: P2-DT-JJB34G3 | C75: JJB34G3 | D75: Verified | F75: Desktop | G75: Desktop | H75: P2 | I75: #N/A | J75: PEPPL | K75: Yes | L75: #N/A
A76: 517 | B76: DESKTOP-SL3CF9P | C76: JLG3N24 | D76: completed | F76: Shared Desktop | G76: Desktop | H76: Bahadurguda | I76: #N/A | J76: PEPPL | K76: Yes | L76: #N/A
A77: 529 | B77: P2-DT-M70ECYHK | C77: M70ECYHK | D77: Verified | F77: Desktop | G77: Desktop | H77: P2 | I77: #N/A | J77: PEPPL | K77: Yes | L77: #N/A
A78: 530 | B78: DESKTOP-62L5KQ0 | C78: M70P0ZZC | D78: Verified(Serial number different) | F78: Desktop | G78: Desktop | H78: P2 | I78: #N/A | J78: PEPPL | K78: Yes | L78: #N/A
A79: 709 | B79: PEPPL-DT-CCTV | C79: PC19A3JV | D79: Verified | F79: Desktop | G79: Desktop | H79: P2 | I79: #N/A | J79: PEPPL | K79: Yes | L79: #N/A
A80: 762 | B80: PEPPL-DT-PG010LSG | C80: PG010LSG | D80: Verified | F80: Desktop | G80: Desktop | H80: P2 | I80: #N/A | J80: PEPPL | K80: Yes | L80: #N/A
A81: 764 | B81: P2-DT-PG028VLZ | C81: PG028VLZ | D81: Verified | F81: Shared Desktop | G81: Desktop | H81: P2 | I81: #N/A | J81: PEPPL | K81: Yes | L81: #N/A
A82: 765 | B82: P2-DT-PG028W03 | C82: PG028W03 | D82: Verified | F82: Desktop | G82: Desktop | H82: P2 | I82: #N/A | J82: PEPPL | K82: Yes | L82: #N/A
A83: 766 | B83: P2-DT-PG028W0F | C83: PG028W0F | D83: Check | F83: Shared Desktop | G83: Desktop | H83: P2 | I83: #N/A | J83: PEPPL | K83: Yes | L83: #N/A
A84: 767 | B84: P2-DT-PG028WAD | C84: PG028WAD | D84: Verified | F84: Desktop | G84: Desktop | H84: P2 | I84: #N/A | J84: PEPPL | K84: Yes | L84: #N/A
A85: 768 | B85: P2-DT-PG028WBA | C85: PG028WBA | D85: Verified | F85: Shared Desktop | G85: Desktop | H85: P2 | I85: #N/A | J85: PEPPL | K85: Yes | L85: #N/A
A86: 769 | B86: P2-DT-PG028WBQ | C86: PG028WBQ | D86: Verified | F86: Shared Desktop | G86: Desktop | H86: P2 | I86: #N/A | J86: PEPPL | K86: Yes | L86: #N/A
... A119: 845 | B119: P2-DT-PG208XX2 | C119: PG208XX2 | D119: Verified | F119: Desktop | G119: Desktop | H119: City Office | I119: #N/A | J119: PEGEPL | K119: No | L119: #N/A
A120: 849 | C120: V5WXX976 | D120: P2 Stock | F120: Desktop | G120: Desktop | H120: P2 | I120: #N/A | J120: PEPPL | K120: No | L120: #N/A
A121: 850 | C121: V5WXX978 | D121: P2 Stock | F121: Desktop | G121: Desktop | H121: P2 | I121: #N/A | J121: PEPPL | K121: No | L121: #N/A
A122: 851 | C122: V5WXX983 | D122: P2 Stock | F122: Desktop | G122: Desktop | H122: P2 | I122: #N/A | J122: PEPPL | K122: No | L122: #N/A
A123: 852 | C123: V5WXX987 | D123: P2 Stock | F123: Desktop | G123: Desktop | H123: P2 | I123: #N/A | J123: PEPPL | K123: No | L123: #N/A
A124: 853 | C124: V5WXX988 | D124: P2 Stock | F124: Desktop | G124: Desktop | H124: P2 | I124: #N/A | J124: PEPPL | K124: No | L124: #N/A
A125: 854 | C125: V5WXX994 | D125: P2 Stock | F125: Desktop | G125: Desktop | H125: P2 | I125: #N/A | J125: PEPPL | K125: No | L125: #N/A
A126: 855 | C126: V5WXY007 | D126: P2 Stock | F126: Desktop | G126: Desktop | H126: P2 | I126: #N/A | J126: PEPPL | K126: No | L126: #N/A
A127: 856 | C127: V5WXY011 | D127: P2 Stock | F127: Desktop | G127: Desktop | H127: P2 | I127: #N/A | J127: PEPPL | K127: No | L127: #N/A

Sheet Sheet1
C1: S.no | D1: Serial Number | E1: Model | F1: Status | G1: AS per Capex | H1: AS per Antivirus File | I1: Laptop Holder
C2: 1 | D2: 19kkJZ2 | E2: Dell | F2: IN REPAIR | G2: #N/A | H2: =_xlfn.XLOOKUP(D2,'Premier-Antivirus-Sheet'!C:C,'Premier-Antivirus-Sheet'!C:C) -> 19kkJZ2
C3: =C2+1 -> 2 | D3: CND92936QS | E3: HP | F3: IN REPAIR | G3: #N/A | H3: =_xlfn.XLOOKUP(D3,'Premier-Antivirus-Sheet'!C:C,'Premier-Antivirus-Sheet'!C:C) -> CND92936QS
C4: =C3+1 -> 3 | D4: CNDO121R5F | E4: HP | F4: IN REPAIR | G4: #N/A | H4: =_xlfn.XLOOKUP(D4,'Premier-Antivirus-Sheet'!C:C,'Premier-Antivirus-Sheet'!C:C) -> CNDO121R5F
C5: =C4+1 -> 4 | D5: CND1331QFK | E5: HP | F5: IN REPAIR | G5: #N/A | H5: =_xlfn.XLOOKUP(D5,'Premier-Antivirus-Sheet'!C:C,'Premier-Antivirus-Sheet'!C:C) -> CND1331QFK
C6: =C5+1 -> 5 | D6: DXYQNV2 | E6: Dell | F6: IN REPAIR | G6: DXYQNV2 | H6: =_xlfn.XLOOKUP(D6,'Premier-Antivirus-Sheet'!C:C,'Premier-Antivirus-Sheet'!C:C) -> DXYQNV2
C7: =C6+1 -> 6 | D7: DLRL142 | E7: Dell | F7: IN REPAIR | G7: #N/A | H7: =_xlfn.XLOOKUP(D7,'Premier-Antivirus-Sheet'!C:C,'Premier-Antivirus-Sheet'!C:C) -> DLRL142
C8: =C7+1 -> 7 | D8: RM9Y1A00 | E8: Dell | F8: IN REPAIR | G8: #N/A | H8: =_xlfn.XLOOKUP(D8,'Premier-Antivirus-Sheet'!C:C,'Premier-Antivirus-Sheet'!C:C) -> RM9Y1A00
C9: =C8+1 -> 8 | D9: 1DD11X2 | E9: Dell | F9: IN REPAIR | G9: #N/A | H9: =_xlfn.XLOOKUP(D9,'Premier-Antivirus-Sheet'!C:C,'Premier-Antivirus-Sheet'!C:C) -> 1DD11X2
C10: =C9+1 -> 9 | D10: 2TJ8FP2 | E10: Dell | F10: IN REPAIR | G10: #N/A | H10: =_xlfn.XLOOKUP(D10,'Premier-Antivirus-Sheet'!C:C,'Premier-Antivirus-Sheet'!C:C) -> 2TJ8FP2
C11: =C10+1 -> 10 | D11: H49XVF2 | E11: Dell | F11: IN REPAIR | G11: #N/A | H11: =_xlfn.XLOOKUP(D11,'Premier-Antivirus-Sheet'!C:C,'Premier-Antivirus-Sheet'!C:C) -> H49XVF2
C12: =C11+1 -> 11 | D12: 3CK51X2 | E12: Dell | F12: IN REPAIR | G12: #N/A | H12: =_xlfn.XLOOKUP(D12,'Premier-Antivirus-Sheet'!C:C,'Premier-Antivirus-Sheet'!C:C) -> 3CK51X2
C13: =C12+1 -> 12 | D13: 4Z02GC2 | E13: Dell | F13: IN REPAIR | G13: #N/A | H13: =_xlfn.XLOOKUP(D13,'Premier-Antivirus-Sheet'!C:C,'Premier-Antivirus-Sheet'!C:C) -> 4Z02GC2
C14: =C13+1 -> 13 | D14: JZ85B53 | E14: Dell | F14: IN REPAIR | G14: #N/A | H14: =_xlfn.XLOOKUP(D14,'Premier-Antivirus-Sheet'!C:C,'Premier-Antivirus-Sheet'!C:C) -> JZ85B53
C15: =C14+1 -> 14 | D15: J3ML2B3 | E15: Dell | F15: IN REPAIR | G15: #N/A | H15: =_xlfn.XLOOKUP(D15,'Premier-Antivirus-Sheet'!C:C,'Premier-Antivirus-Sheet'!C:C) -> J3ML2B3
C16: =C15+1 -> 15 | D16: 5470662 | E16: Dell Vostro 3458 | F16: IN REPAIR | G16: #N/A | H16: =_xlfn.XLOOKUP(D16,'Premier-Antivirus-Sheet'!C:C,'Premier-Antivirus-Sheet'!C:C) -> 5470662
C17: =C16+1 -> 16 | D17: CND0283N1M | E17: HP | F17: IN REPAIR | G17: #N/A | H17: =_xlfn.XLOOKUP(D17,'Premier-Antivirus-Sheet'!C:C,'Premier-Antivirus-Sheet'!C:C) -> CND0283N1M
C18: =C17+1 -> 17 | D18: JFKZMQ2 | E18: Dell | F18: IN REPAIR | G18: #N/A | H18: =_xlfn.XLOOKUP(D18,'Premier-Antivirus-Sheet'!C:C,'Premier-Antivirus-Sheet'!C:C) -> JFKZMQ2
C19: =C18+1 -> 18 | D19: 9VXMSQ2 | E19: Dell | F19: IN REPAIR | G19: 9VXMSQ2 | H19: =_xlfn.XLOOKUP(D19,'Premier-Antivirus-Sheet'!C:C,'Premier-Antivirus-Sheet'!C:C) -> 9VXMSQ2
C20: =C19+1 -> 19 | D20: FKZS5Q2 | E20: Dell | F20: IN REPAIR | G20: #N/A | H20: =_xlfn.XLOOKUP(D20,'Premier-Antivirus-Sheet'!C:C,'Premier-Antivirus-Sheet'!C:C) -> FKZS5Q2
C21: =C20+1 -> 20 | D21: CND1331RC0 | E21: HP 250 G8 Notebook PC (53L45PA) | F21: IN REPAIR | G21: #N/A | H21: =_xlfn.XLOOKUP(D21,'Premier-Antivirus-Sheet'!C:C,'Premier-Antivirus-Sheet'!C:C) -> CND1331RC0
C22: =C21+1 -> 21 | D22: No Searial number | E22: Dell | F22: IN REPAIR | G22: #N/A | H22: =_xlfn.XLOOKUP(D22,'Premier-Antivirus-Sheet'!C:C,'Premier-Antivirus-Sheet'!C:C) -> #N/A
C23: =C22+1 -> 22 | D23: No Searial number | E23: LENOVO | F23: IN REPAIR | G23: #N/A | H23: =_xlfn.XLOOKUP(D23,'Premier-Antivirus-Sheet'!C:C,'Premier-Antivirus-Sheet'!C:C) -> #N/A
C24: =C23+1 -> 23 | D24: No Searial number | E24: HP | F24: IN REPAIR | G24: #N/A | H24: =_xlfn.XLOOKUP(D24,'Premier-Antivirus-Sheet'!C:C,'Premier-Antivirus-Sheet'!C:C) -> #N/A
C25: =C24+1 -> 24 | D25: No Searial number | E25: HP | F25: IN REPAIR | G25: #N/A | H25: =_xlfn.XLOOKUP(D25,'Premier-Antivirus-Sheet'!C:C,'Premier-Antivirus-Sheet'!C:C) -> #N/A
C26: =C25+1 -> 25 | D26: B888P24 | E26: Desktop | F26: NORTH GATE ASSIGNED | G26: B888P24 | H26: =_xlfn.XLOOKUP(D26,'Premier-Antivirus-Sheet'!C:C,'Premier-Antivirus-Sheet'!C:C) -> B888P24
C27: =C26+1 -> 26 | D27: 8288P24 | E27: Desktop | F27: YET TO ASSIGN | G27: 8288P24 | H27: =_xlfn.XLOOKUP(D27,'Premier-Antivirus-Sheet'!C:C,'Premier-Antivirus-Sheet'!C:C) -> 8288P24 | I27: =_xlfn.XLOOKUP(D27,'Premier-Antivirus-Sheet'!C:C,'Premier-Antivirus-Sheet'!H:H) -> Anshika Dwivedi
C28: =C27+1 -> 27 | D28: 1Y26P24 | E28: Desktop | F28: YET TO ASSIGN | G28: 1Y26P24 | H28: =_xlfn.XLOOKUP(D28,'Premier-Antivirus-Sheet'!C:C,'Premier-Antivirus-Sheet'!C:C) -> 1Y26P24 | I28: =_xlfn.XLOOKUP(D28,'Premier-Antivirus-Sheet'!C:C,'Premier-Antivirus-Sheet'!H:H) -> Dhiraj sharma
C29: =C28+1 -> 28 | D29: 3188P24 | E29: Desktop | F29: YET TO ASSIGN | G29: 3188P24 | H29: =_xlfn.XLOOKUP(D29,'Premier-Antivirus-Sheet'!C:C,'Premier-Antivirus-Sheet'!C:C) -> 3188P24
C30: =C29+1 -> 29 | D30: 6188P24 | E30: Desktop | F30: YET TO ASSIGN | G30: 6188P24 | H30: =_xlfn.XLOOKUP(D30,'Premier-Antivirus-Sheet'!C:C,'Premier-Antivirus-Sheet'!C:C) -> 6188P24
C31: =C30+1 -> 30 | D31: C888P24 | E31: Desktop | F31: YET TO ASSIGN | G31: C888P24 | H31: =_xlfn.XLOOKUP(D31,'Premier-Antivirus-Sheet'!C:C,'Premier-Antivirus-Sheet'!C:C) -> C888P24
C32: =C31+1 -> 31 | D32: C188P24 | E32: Desktop | F32: YET TO ASSIGN | G32: C188P24 | H32: =_xlfn.XLOOKUP(D32,'Premier-Antivirus-Sheet'!C:C,'Premier-Antivirus-Sheet'!C:C) -> C188P24 | I32: =_xlfn.XLOOKUP(D32,'Premier-Antivirus-Sheet'!C:C,'Premier-Antivirus-Sheet'!H:H) -> B Anil Kumar
C33: =C32+1 -> 32 | D33: 7288P24 | E33: Desktop | F33: YET TO ASSIGN | G33: 7288P24 | H33: =_xlfn.XLOOKUP(D33,'Premier-Antivirus-Sheet'!C:C,'Premier-Antivirus-Sheet'!C:C) -> 7288P24
C34: =C33+1 -> 33 | D34: 8DZG384 | E34: Laptop | F34: IN REPAIR | G34: 8DZG384 | H34: =_xlfn.XLOOKUP(D34,'Premier-Antivirus-Sheet'!C:C,'Premier-Antivirus-Sheet'!C:C) -> 8DZG384 | I34: =_xlfn.XLOOKUP(D34,'Premier-Antivirus-Sheet'!C:C,'Premier-Antivirus-Sheet'!H:H) -> IT STOCK
C35: =C34+1 -> 34 | D35: BDZG384 | E35: Laptop | F35: OEM SERVICE Call | G35: BDZG384 | H35: =_xlfn.XLOOKUP(D35,'Premier-Antivirus-Sheet'!C:C,'Premier-Antivirus-Sheet'!C:C) -> BDZG384 | I35: =_xlfn.XLOOKUP(D35,'Premier-Antivirus-Sheet'!C:C,'Premier-Antivirus-Sheet'!H:H) -> Bandarupalli Krishna Chaitanya
C36: =C35+1 -> 35 | D36: JDZG384 | E36: Laptop | F36: IN REPAIR | G36: JDZG384 | H36: =_xlfn.XLOOKUP(D36,'Premier-Antivirus-Sheet'!C:C,'Premier-Antivirus-Sheet'!C:C) -> JDZG384 | I36: =_xlfn.XLOOKUP(D36,'Premier-Antivirus-Sheet'!C:C,'Premier-Antivirus-Sheet'!H:H) -> IT STOCK
C37: =C36+1 -> 36 | D37: 2DZG384 | E37: Laptop | F37: IN REPAIR | G37: 2DZG384 | H37: =_xlfn.XLOOKUP(D37,'Premier-Antivirus-Sheet'!C:C,'Premier-Antivirus-Sheet'!C:C) -> 2DZG384 | I37: =_xlfn.XLOOKUP(D37,'Premier-Antivirus-Sheet'!C:C,'Premier-Antivirus-Sheet'!H:H) -> IT STOCK
C38: =C37+1 -> 37 | D38: 6DZG384 | E38: Laptop | F38: IN REPAIR | G38: 6DZG384 | H38: =_xlfn.XLOOKUP(D38,'Premier-Antivirus-Sheet'!C:C,'Premier-Antivirus-Sheet'!C:C) -> 6DZG384 | I38: =_xlfn.XLOOKUP(D38,'Premier-Antivirus-Sheet'!C:C,'Premier-Antivirus-Sheet'!H:H) -> IT STOCK
C39: =C38+1 -> 38 | D39: DDZG384 | E39: Laptop | F39: IN REPAIR | G39: DDZG384 | H39: =_xlfn.XLOOKUP(D39,'Premier-Antivirus-Sheet'!C:C,'Premier-Antivirus-Sheet'!C:C) -> DDZG384 | I39: =_xlfn.XLOOKUP(D39,'Premier-Antivirus-Sheet'!C:C,'Premier-Antivirus-Sheet'!H:H) -> IT STOCK
C40: =C39+1 -> 39 | D40: HL5NQ74 | E40: Laptop | F40: IN REPAIR | G40: HL5NQ74 | H40: =_xlfn.XLOOKUP(D40,'Premier-Antivirus-Sheet'!C:C,'Premier-Antivirus-Sheet'!C:C) -> HL5NQ74 | I40: =_xlfn.XLOOKUP(D40,'Premier-Antivirus-Sheet'!C:C,'Premier-Antivirus-Sheet'!H:H) -> IT STOCK
C41: =C40+1 -> 40 | D41: HV0VL84 | E41: Laptop | F41: IN REPAIR | G41: HV0VL84 | H41: =_xlfn.XLOOKUP(D41,'Premier-Antivirus-Sheet'!C:C,'Premier-Antivirus-Sheet'!C:C) -> HV0VL84 | I41: =_xlfn.XLOOKUP(D41,'Premier-Antivirus-Sheet'!C:C,'Premier-Antivirus-Sheet'!H:H) -> IT STOCK
C42: =C41+1 -> 41 | D42: 3Y0VL84 | E42: Laptop | F42: IN REPAIR | G42: 3Y0VL84 | H42: =_xlfn.XLOOKUP(D42,'Premier-Antivirus-Sheet'!C:C,'Premier-Antivirus-Sheet'!C:C) -> 3Y0VL84 | I42: =_xlfn.XLOOKUP(D42,'Premier-Antivirus-Sheet'!C:C,'Premier-Antivirus-Sheet'!H:H) -> General
C43: =C42+1 -> 42 | D43: 7WYMW84 | E43: Laptop | F43: IN REPAIR | G43: 7WYMW84 | H43: =_xlfn.XLOOKUP(D43,'Premier-Antivirus-Sheet'!C:C,'Premier-Antivirus-Sheet'!C:C) -> 7WYMW84
C44: =C43+1 -> 43 | D44: BX0VL84 | E44: Laptop | F44: IN REPAIR | G44: BX0VL84 | H44: =_xlfn.XLOOKUP(D44,'Premier-Antivirus-Sheet'!C:C,'Premier-Antivirus-Sheet'!C:C) -> BX0VL84 | I44: =_xlfn.XLOOKUP(D44,'Premier-Antivirus-Sheet'!C:C,'Premier-Antivirus-Sheet'!H:H) -> IT STOCK
C45: =C44+1 -> 44 | D45: 64YTL84 | E45: Laptop | F45: IN REPAIR | G45: 64YTL84 | H45: =_xlfn.XLOOKUP(D45,'Premier-Antivirus-Sheet'!C:C,'Premier-Antivirus-Sheet'!C:C) -> 64YTL84 | I45: =_xlfn.XLOOKUP(D45,'Premier-Antivirus-Sheet'!C:C,'Premier-Antivirus-Sheet'!H:H) -> IT Stock
C46: =C45+1 -> 45 | D46: 6CWPW84 | E46: Laptop | F46: IN REPAIR | G46: 6CWPW84 | H46: =_xlfn.XLOOKUP(D46,'Premier-Antivirus-Sheet'!C:C,'Premier-Antivirus-Sheet'!C:C) -> 6CWPW84 | I46: =_xlfn.XLOOKUP(D46,'Premier-Antivirus-Sheet'!C:C,'Premier-Antivirus-Sheet'!H:H) -> IT STOCK
C47: =C46+1 -> 46 | D47: PG058C6B | E47: Desktop | F47: PRODUCTION | G47: #N/A | H47: =_xlfn.XLOOKUP(D47,'Premier-Antivirus-Sheet'!C:C,'Premier-Antivirus-Sheet'!C:C) -> PG058C6B
C48: =C47+1 -> 47 | D48: PG058C63 | E48: Desktop | F48: PRODUCTION | G48: #N/A | H48: =_xlfn.XLOOKUP(D48,'Premier-Antivirus-Sheet'!C:C,'Premier-Antivirus-Sheet'!C:C) -> PG058C63
C49: =C48+1 -> 48 | D49: PG058C67 | E49: Desktop | F49: PRODUCTION | G49: #N/A | H49: =_xlfn.XLOOKUP(D49,'Premier-Antivirus-Sheet'!C:C,'Premier-Antivirus-Sheet'!C:C) -> PG058C67
C50: =C49+1 -> 49 | D50: PG058C5V | E50: Desktop | F50: PRODUCTION | G50: #N/A | H50: =_xlfn.XLOOKUP(D50,'Premier-Antivirus-Sheet'!C:C,'Premier-Antivirus-Sheet'!C:C) -> PG058C5V
C51: =C50+1 -> 50 | D51: PG058C5R | E51: Desktop | F51: PRODUCTION | G51: #N/A | H51: =_xlfn.XLOOKUP(D51,'Premier-Antivirus-Sheet'!C:C,'Premier-Antivirus-Sheet'!C:C) -> PG058C5R
C52: =C51+1 -> 51 | D52: PG058C5W | E52: Desktop | F52: PRODUCTION | G52: #N/A | H52: =_xlfn.XLOOKUP(D52,'Premier-Antivirus-Sheet'!C:C,'Premier-Antivirus-Sheet'!C:C) -> PG058C5W
C53: =C52+1 -> 52 | D53: PG058C64 | E53: Desktop | F53: PRODUCTION | G53: #N/A | H53: =_xlfn.XLOOKUP(D53,'Premier-Antivirus-Sheet'!C:C,'Premier-Antivirus-Sheet'!C:C) -> PG058C64
C54: =C53+1 -> 53 | D54: PG058C6A | E54: Desktop | F54: PRODUCTION | G54: #N/A | H54: =_xlfn.XLOOKUP(D54,'Premier-Antivirus-Sheet'!C:C,'Premier-Antivirus-Sheet'!C:C) -> PG058C6A
C55: =C54+1 -> 54 | D55: PG058C62 | E55: Desktop | F55: PRODUCTION | G55: #N/A | H55: =_xlfn.XLOOKUP(D55,'Premier-Antivirus-Sheet'!C:C,'Premier-Antivirus-Sheet'!C:C) -> PG058C62
C56: =C55+1 -> 55 | D56: PG058C61 | E56: Desktop | F56: PRODUCTION | G56: #N/A | H56: =_xlfn.XLOOKUP(D56,'Premier-Antivirus-Sheet'!C:C,'Premier-Antivirus-Sheet'!C:C) -> PG058C61
C57: =C56+1 -> 56 | D57: 1N45370LZP | E57: Laptop | F57: YET TO ASSIGN | G57: 1N45370LZP | H57: =_xlfn.XLOOKUP(D57,'Premier-Antivirus-Sheet'!C:C,'Premier-Antivirus-Sheet'!C:C) -> 1N45370LZP | I57: =_xlfn.XLOOKUP(D57,'Premier-Antivirus-Sheet'!C:C,'Premier-Antivirus-Sheet'!H:H) -> Kapildev sharma
C58: =C57+1 -> 57 | D58: 1N45370LY6 | E58: Laptop | F58: YET TO ASSIGN | G58: 1N45370LY6 | H58: =_xlfn.XLOOKUP(D58,'Premier-Antivirus-Sheet'!C:C,'Premier-Antivirus-Sheet'!C:C) -> 1N45370LY6
C59: =C58+1 -> 58 | D59: 1N45370LYV | E59: Laptop | F59: YET TO ASSIGN | G59: 1N45370LYV | H59: =_xlfn.XLOOKUP(D59,'Premier-Antivirus-Sheet'!C:C,'Premier-Antivirus-Sheet'!C:C) -> 1N45370LYV | I59: =_xlfn.XLOOKUP(D59,'Premier-Antivirus-Sheet'!C:C,'Premier-Antivirus-Sheet'!H:H) -> Gundamalla Bhavya Sri
C60: =C59+1 -> 59 | D60: 1N45370LXH | E60: Laptop | F60: YET TO ASSIGN | G60: 1N45370LXH | H60: =_xlfn.XLOOKUP(D60,'Premier-Antivirus-Sheet'!C:C,'Premier-Antivirus-Sheet'!C:C) -> 1N45370LXH | I60: =_xlfn.XLOOKUP(D60,'Premier-Antivirus-Sheet'!C:C,'Premier-Antivirus-Sheet'!H:H) -> Lakshmikant

Sheet End Point Report
A1: Endpoint name | B1: Object type | C1: Protection Manager | D1: Status
A2: PELFS01 | B2: Server | C2: Enpoint Protection | D2: Completed
A3: PELDHCP01 | B3: Server | C3: Enpoint Protection | D3: Completed
A4: PELDC01 | B4: Server | C4: Enpoint Protection | D4: Completed
A5: P4-AD-SERVER | B5: Server | C5: Enpoint Protection | D5: Completed
A6: PELSRV01 | B6: Server | C6: Enpoint Protection | D6: Completed
A7: PEIPL-STOR-S1 | B7: Server | C7: Enpoint Protection | D7: Completed
A8: PELKFINTECH | B8: Server | C8: Enpoint Protection | D8: Completed
A9: PEL-BNKTR | B9: Desktop | C9: Enpoint Protection | D9: Completed
A10: PEL-SCM | B10: Server | C10: Enpoint Protection | D10: Completed
A11: PEPPLSRV01 | B11: Server | C11: Enpoint Protection | D11: Completed
A12: PEIPL-MES-P4 | B12: Server | C12: Enpoint Protection | D12: Completed
... A579: PEL-MP2FV7FY | B579: Desktop | C579: Enpoint Protection | D579: Completed
